wav_path,system_id,sample_id,score,listener_id,domain_idx
/fs/ess/PAS2301/Data/Speech/MOS_datasets/nisqa/NISQA_TEST_FOR/deg_16000/c00001_for_cnv_m_0103_01.wav,1,c00001_for_cnv_m_0103_01,4.34615384615385,,1
/fs/ess/PAS2301/Data/Speech/MOS_datasets/nisqa/NISQA_TEST_FOR/deg_16000/c00001_for_cnv_m_1035_02.wav,1,c00001_for_cnv_m_1035_02,4.51612903225806,,1
/fs/ess/PAS2301/Data/Speech/MOS_datasets/nisqa/NISQA_TEST_FOR/deg_16000/c00001_for_cnv_f_0104_02.wav,1,c00001_for_cnv_f_0104_02,4.321428571428569,,1
/fs/ess/PAS2301/Data/Speech/MOS_datasets/nisqa/NISQA_TEST_FOR/deg_16000/c00001_for_cnv_f_0113_03.wav,1,c00001_for_cnv_f_0113_03,4.53125,,1
/fs/ess/PAS2301/Data/Speech/MOS_datasets/nisqa/NISQA_TEST_FOR/deg_16000/c00002_for_cnv_m_0068_01.wav,2,c00002_for_cnv_m_0068_01,3.7391304347826098,,1
/fs/ess/PAS2301/Data/Speech/MOS_datasets/nisqa/NISQA_TEST_FOR/deg_16000/c00002_for_cnv_m_0055_02.wav,2,c00002_for_cnv_m_0055_02,3.3125,,1
/fs/ess/PAS2301/Data/Speech/MOS_datasets/nisqa/NISQA_TEST_FOR/deg_16000/c00002_for_cnv_f_0036_01.wav,2,c00002_for_cnv_f_0036_01,3.65625,,1
/fs/ess/PAS2301/Data/Speech/MOS_datasets/nisqa/NISQA_TEST_FOR/deg_16000/c00002_for_cnv_f_0087_02.wav,2,c00002_for_cnv_f_0087_02,3.6956521739130404,,1
/fs/ess/PAS2301/Data/Speech/MOS_datasets/nisqa/NISQA_TEST_FOR/deg_16000/c00003_for_cnv_m_0056_03.wav,3,c00003_for_cnv_m_0056_03,2.1153846153846203,,1
/fs/ess/PAS2301/Data/Speech/MOS_datasets/nisqa/NISQA_TEST_FOR/deg_16000/c00003_for_cnv_m_0067_03.wav,3,c00003_for_cnv_m_0067_03,2.57575757575758,,1
/fs/ess/PAS2301/Data/Speech/MOS_datasets/nisqa/NISQA_TEST_FOR/deg_16000/c00003_for_cnv_f_0114_03.wav,3,c00003_for_cnv_f_0114_03,2.21875,,1
/fs/ess/PAS2301/Data/Speech/MOS_datasets/nisqa/NISQA_TEST_FOR/deg_16000/c00003_for_cnv_f_0038_01.wav,3,c00003_for_cnv_f_0038_01,2.08695652173913,,1
/fs/ess/PAS2301/Data/Speech/MOS_datasets/nisqa/NISQA_TEST_FOR/deg_16000/c00004_for_cnv_m_1007_01.wav,4,c00004_for_cnv_m_1007_01,3.09677419354839,,1
/fs/ess/PAS2301/Data/Speech/MOS_datasets/nisqa/NISQA_TEST_FOR/deg_16000/c00004_for_cnv_m_1021_02.wav,4,c00004_for_cnv_m_1021_02,2.931034482758621,,1
/fs/ess/PAS2301/Data/Speech/MOS_datasets/nisqa/NISQA_TEST_FOR/deg_16000/c00004_for_cnv_f_0119_01.wav,4,c00004_for_cnv_f_0119_01,3.28125,,1
/fs/ess/PAS2301/Data/Speech/MOS_datasets/nisqa/NISQA_TEST_FOR/deg_16000/c00004_for_cnv_f_0040_01.wav,4,c00004_for_cnv_f_0040_01,3.3448275862069,,1
/fs/ess/PAS2301/Data/Speech/MOS_datasets/nisqa/NISQA_TEST_FOR/deg_16000/c00005_for_cnv_m_1026_02.wav,5,c00005_for_cnv_m_1026_02,3.0,,1
/fs/ess/PAS2301/Data/Speech/MOS_datasets/nisqa/NISQA_TEST_FOR/deg_16000/c00005_for_cnv_m_1035_01.wav,5,c00005_for_cnv_m_1035_01,2.78787878787879,,1
/fs/ess/PAS2301/Data/Speech/MOS_datasets/nisqa/NISQA_TEST_FOR/deg_16000/c00005_for_cnv_f_0036_02.wav,5,c00005_for_cnv_f_0036_02,2.80645161290323,,1
/fs/ess/PAS2301/Data/Speech/MOS_datasets/nisqa/NISQA_TEST_FOR/deg_16000/c00005_for_cnv_f_0038_02.wav,5,c00005_for_cnv_f_0038_02,2.52,,1
/fs/ess/PAS2301/Data/Speech/MOS_datasets/nisqa/NISQA_TEST_FOR/deg_16000/c00006_for_cnv_m_0041_02.wav,6,c00006_for_cnv_m_0041_02,2.83870967741935,,1
/fs/ess/PAS2301/Data/Speech/MOS_datasets/nisqa/NISQA_TEST_FOR/deg_16000/c00006_for_cnv_m_1046_02.wav,6,c00006_for_cnv_m_1046_02,3.4,,1
/fs/ess/PAS2301/Data/Speech/MOS_datasets/nisqa/NISQA_TEST_FOR/deg_16000/c00006_for_cnv_f_0045_02.wav,6,c00006_for_cnv_f_0045_02,3.58823529411765,,1
/fs/ess/PAS2301/Data/Speech/MOS_datasets/nisqa/NISQA_TEST_FOR/deg_16000/c00006_for_cnv_f_0020_03.wav,6,c00006_for_cnv_f_0020_03,3.43478260869565,,1
/fs/ess/PAS2301/Data/Speech/MOS_datasets/nisqa/NISQA_TEST_FOR/deg_16000/c00007_for_cnv_m_0054_01.wav,7,c00007_for_cnv_m_0054_01,3.46875,,1
/fs/ess/PAS2301/Data/Speech/MOS_datasets/nisqa/NISQA_TEST_FOR/deg_16000/c00007_for_cnv_m_0006_03.wav,7,c00007_for_cnv_m_0006_03,3.8695652173912998,,1
/fs/ess/PAS2301/Data/Speech/MOS_datasets/nisqa/NISQA_TEST_FOR/deg_16000/c00007_for_cnv_f_0105_03.wav,7,c00007_for_cnv_f_0105_03,3.4193548387096806,,1
/fs/ess/PAS2301/Data/Speech/MOS_datasets/nisqa/NISQA_TEST_FOR/deg_16000/c00007_for_cnv_f_0112_01.wav,7,c00007_for_cnv_f_0112_01,3.645161290322581,,1
/fs/ess/PAS2301/Data/Speech/MOS_datasets/nisqa/NISQA_TEST_FOR/deg_16000/c00008_for_cnv_m_0055_03.wav,8,c00008_for_cnv_m_0055_03,1.38709677419355,,1
/fs/ess/PAS2301/Data/Speech/MOS_datasets/nisqa/NISQA_TEST_FOR/deg_16000/c00008_for_cnv_m_0028_03.wav,8,c00008_for_cnv_m_0028_03,1.6060606060606102,,1
/fs/ess/PAS2301/Data/Speech/MOS_datasets/nisqa/NISQA_TEST_FOR/deg_16000/c00008_for_cnv_f_0023_03.wav,8,c00008_for_cnv_f_0023_03,1.55882352941176,,1
/fs/ess/PAS2301/Data/Speech/MOS_datasets/nisqa/NISQA_TEST_FOR/deg_16000/c00008_for_cnv_f_0114_01.wav,8,c00008_for_cnv_f_0114_01,1.96875,,1
/fs/ess/PAS2301/Data/Speech/MOS_datasets/nisqa/NISQA_TEST_FOR/deg_16000/c00009_for_cnv_m_0616_03.wav,9,c00009_for_cnv_m_0616_03,2.19047619047619,,1
/fs/ess/PAS2301/Data/Speech/MOS_datasets/nisqa/NISQA_TEST_FOR/deg_16000/c00009_for_cnv_m_0016_03.wav,9,c00009_for_cnv_m_0016_03,2.67741935483871,,1
/fs/ess/PAS2301/Data/Speech/MOS_datasets/nisqa/NISQA_TEST_FOR/deg_16000/c00009_for_cnv_f_0096_03.wav,9,c00009_for_cnv_f_0096_03,2.53846153846154,,1
/fs/ess/PAS2301/Data/Speech/MOS_datasets/nisqa/NISQA_TEST_FOR/deg_16000/c00009_for_cnv_f_0079_01.wav,9,c00009_for_cnv_f_0079_01,2.96774193548387,,1
/fs/ess/PAS2301/Data/Speech/MOS_datasets/nisqa/NISQA_TEST_FOR/deg_16000/c00010_for_cnv_m_0094_01.wav,10,c00010_for_cnv_m_0094_01,3.2727272727272703,,1
/fs/ess/PAS2301/Data/Speech/MOS_datasets/nisqa/NISQA_TEST_FOR/deg_16000/c00010_for_cnv_m_0010_01.wav,10,c00010_for_cnv_m_0010_01,2.54838709677419,,1
/fs/ess/PAS2301/Data/Speech/MOS_datasets/nisqa/NISQA_TEST_FOR/deg_16000/c00010_for_cnv_f_0013_03.wav,10,c00010_for_cnv_f_0013_03,2.93548387096774,,1
/fs/ess/PAS2301/Data/Speech/MOS_datasets/nisqa/NISQA_TEST_FOR/deg_16000/c00010_for_cnv_f_0088_01.wav,10,c00010_for_cnv_f_0088_01,2.03448275862069,,1
/fs/ess/PAS2301/Data/Speech/MOS_datasets/nisqa/NISQA_TEST_FOR/deg_16000/c00011_for_cnv_m_0075_01.wav,11,c00011_for_cnv_m_0075_01,2.2258064516129,,1
/fs/ess/PAS2301/Data/Speech/MOS_datasets/nisqa/NISQA_TEST_FOR/deg_16000/c00011_for_cnv_m_0628_02.wav,11,c00011_for_cnv_m_0628_02,1.76190476190476,,1
/fs/ess/PAS2301/Data/Speech/MOS_datasets/nisqa/NISQA_TEST_FOR/deg_16000/c00011_for_cnv_f_0079_02.wav,11,c00011_for_cnv_f_0079_02,1.71875,,1
/fs/ess/PAS2301/Data/Speech/MOS_datasets/nisqa/NISQA_TEST_FOR/deg_16000/c00011_for_cnv_f_0009_02.wav,11,c00011_for_cnv_f_0009_02,2.03125,,1
/fs/ess/PAS2301/Data/Speech/MOS_datasets/nisqa/NISQA_TEST_FOR/deg_16000/c00012_for_cnv_m_0628_03.wav,12,c00012_for_cnv_m_0628_03,3.5625,,1
/fs/ess/PAS2301/Data/Speech/MOS_datasets/nisqa/NISQA_TEST_FOR/deg_16000/c00012_for_cnv_m_0016_01.wav,12,c00012_for_cnv_m_0016_01,3.61290322580645,,1
/fs/ess/PAS2301/Data/Speech/MOS_datasets/nisqa/NISQA_TEST_FOR/deg_16000/c00012_for_cnv_f_0062_01.wav,12,c00012_for_cnv_f_0062_01,3.60714285714286,,1
/fs/ess/PAS2301/Data/Speech/MOS_datasets/nisqa/NISQA_TEST_FOR/deg_16000/c00012_for_cnv_f_0098_03.wav,12,c00012_for_cnv_f_0098_03,3.51612903225806,,1
/fs/ess/PAS2301/Data/Speech/MOS_datasets/nisqa/NISQA_TEST_FOR/deg_16000/c00013_for_cnv_m_0028_01.wav,13,c00013_for_cnv_m_0028_01,2.90322580645161,,1
/fs/ess/PAS2301/Data/Speech/MOS_datasets/nisqa/NISQA_TEST_FOR/deg_16000/c00013_for_cnv_m_1026_01.wav,13,c00013_for_cnv_m_1026_01,3.36,,1
/fs/ess/PAS2301/Data/Speech/MOS_datasets/nisqa/NISQA_TEST_FOR/deg_16000/c00013_for_cnv_f_0013_02.wav,13,c00013_for_cnv_f_0013_02,2.83870967741935,,1
/fs/ess/PAS2301/Data/Speech/MOS_datasets/nisqa/NISQA_TEST_FOR/deg_16000/c00013_for_cnv_f_0572_02.wav,13,c00013_for_cnv_f_0572_02,3.19230769230769,,1
/fs/ess/PAS2301/Data/Speech/MOS_datasets/nisqa/NISQA_TEST_FOR/deg_16000/c00014_for_cnv_m_0049_03.wav,14,c00014_for_cnv_m_0049_03,2.06451612903226,,1
/fs/ess/PAS2301/Data/Speech/MOS_datasets/nisqa/NISQA_TEST_FOR/deg_16000/c00014_for_cnv_m_1007_02.wav,14,c00014_for_cnv_m_1007_02,1.8125,,1
/fs/ess/PAS2301/Data/Speech/MOS_datasets/nisqa/NISQA_TEST_FOR/deg_16000/c00014_for_cnv_f_0053_01.wav,14,c00014_for_cnv_f_0053_01,1.8695652173913,,1
/fs/ess/PAS2301/Data/Speech/MOS_datasets/nisqa/NISQA_TEST_FOR/deg_16000/c00014_for_cnv_f_0020_02.wav,14,c00014_for_cnv_f_0020_02,1.6764705882352902,,1
/fs/ess/PAS2301/Data/Speech/MOS_datasets/nisqa/NISQA_TEST_FOR/deg_16000/c00015_for_cnv_m_0032_02.wav,15,c00015_for_cnv_m_0032_02,2.25,,1
/fs/ess/PAS2301/Data/Speech/MOS_datasets/nisqa/NISQA_TEST_FOR/deg_16000/c00015_for_cnv_m_0092_03.wav,15,c00015_for_cnv_m_0092_03,1.5,,1
/fs/ess/PAS2301/Data/Speech/MOS_datasets/nisqa/NISQA_TEST_FOR/deg_16000/c00015_for_cnv_f_0572_03.wav,15,c00015_for_cnv_f_0572_03,2.15625,,1
/fs/ess/PAS2301/Data/Speech/MOS_datasets/nisqa/NISQA_TEST_FOR/deg_16000/c00015_for_cnv_f_0101_01.wav,15,c00015_for_cnv_f_0101_01,1.65625,,1
/fs/ess/PAS2301/Data/Speech/MOS_datasets/nisqa/NISQA_TEST_FOR/deg_16000/c00016_for_cnv_m_0639_02.wav,16,c00016_for_cnv_m_0639_02,1.58064516129032,,1
/fs/ess/PAS2301/Data/Speech/MOS_datasets/nisqa/NISQA_TEST_FOR/deg_16000/c00016_for_cnv_m_1036_02.wav,16,c00016_for_cnv_m_1036_02,1.46153846153846,,1
/fs/ess/PAS2301/Data/Speech/MOS_datasets/nisqa/NISQA_TEST_FOR/deg_16000/c00016_for_cnv_f_0105_02.wav,16,c00016_for_cnv_f_0105_02,1.83870967741935,,1
/fs/ess/PAS2301/Data/Speech/MOS_datasets/nisqa/NISQA_TEST_FOR/deg_16000/c00016_for_cnv_f_0062_02.wav,16,c00016_for_cnv_f_0062_02,1.52941176470588,,1
/fs/ess/PAS2301/Data/Speech/MOS_datasets/nisqa/NISQA_TEST_FOR/deg_16000/c00017_for_cnv_m_0048_03.wav,17,c00017_for_cnv_m_0048_03,1.47826086956522,,1
/fs/ess/PAS2301/Data/Speech/MOS_datasets/nisqa/NISQA_TEST_FOR/deg_16000/c00017_for_cnv_m_0103_02.wav,17,c00017_for_cnv_m_0103_02,1.35483870967742,,1
/fs/ess/PAS2301/Data/Speech/MOS_datasets/nisqa/NISQA_TEST_FOR/deg_16000/c00017_for_cnv_f_0071_02.wav,17,c00017_for_cnv_f_0071_02,1.3235294117647098,,1
/fs/ess/PAS2301/Data/Speech/MOS_datasets/nisqa/NISQA_TEST_FOR/deg_16000/c00017_for_cnv_f_0071_03.wav,17,c00017_for_cnv_f_0071_03,1.41935483870968,,1
/fs/ess/PAS2301/Data/Speech/MOS_datasets/nisqa/NISQA_TEST_FOR/deg_16000/c00018_for_cnv_m_0032_03.wav,18,c00018_for_cnv_m_0032_03,3.9047619047618998,,1
/fs/ess/PAS2301/Data/Speech/MOS_datasets/nisqa/NISQA_TEST_FOR/deg_16000/c00018_for_cnv_m_0012_02.wav,18,c00018_for_cnv_m_0012_02,3.93548387096774,,1
/fs/ess/PAS2301/Data/Speech/MOS_datasets/nisqa/NISQA_TEST_FOR/deg_16000/c00018_for_cnv_f_0047_02.wav,18,c00018_for_cnv_f_0047_02,3.6875,,1
/fs/ess/PAS2301/Data/Speech/MOS_datasets/nisqa/NISQA_TEST_FOR/deg_16000/c00018_for_cnv_f_0080_03.wav,18,c00018_for_cnv_f_0080_03,3.44,,1
/fs/ess/PAS2301/Data/Speech/MOS_datasets/nisqa/NISQA_TEST_FOR/deg_16000/c00019_for_cnv_m_0081_02.wav,19,c00019_for_cnv_m_0081_02,3.38235294117647,,1
/fs/ess/PAS2301/Data/Speech/MOS_datasets/nisqa/NISQA_TEST_FOR/deg_16000/c00019_for_cnv_m_0075_02.wav,19,c00019_for_cnv_m_0075_02,2.34782608695652,,1
/fs/ess/PAS2301/Data/Speech/MOS_datasets/nisqa/NISQA_TEST_FOR/deg_16000/c00019_for_cnv_f_0097_01.wav,19,c00019_for_cnv_f_0097_01,3.08,,1
/fs/ess/PAS2301/Data/Speech/MOS_datasets/nisqa/NISQA_TEST_FOR/deg_16000/c00019_for_cnv_f_0026_01.wav,19,c00019_for_cnv_f_0026_01,3.3125,,1
/fs/ess/PAS2301/Data/Speech/MOS_datasets/nisqa/NISQA_TEST_FOR/deg_16000/c00020_for_cnv_m_0006_01.wav,20,c00020_for_cnv_m_0006_01,2.16129032258065,,1
/fs/ess/PAS2301/Data/Speech/MOS_datasets/nisqa/NISQA_TEST_FOR/deg_16000/c00020_for_cnv_m_1026_03.wav,20,c00020_for_cnv_m_1026_03,2.71875,,1
/fs/ess/PAS2301/Data/Speech/MOS_datasets/nisqa/NISQA_TEST_FOR/deg_16000/c00020_for_cnv_f_0045_01.wav,20,c00020_for_cnv_f_0045_01,2.3333333333333304,,1
/fs/ess/PAS2301/Data/Speech/MOS_datasets/nisqa/NISQA_TEST_FOR/deg_16000/c00020_for_cnv_f_0570_03.wav,20,c00020_for_cnv_f_0570_03,2.2258064516129,,1
/fs/ess/PAS2301/Data/Speech/MOS_datasets/nisqa/NISQA_TEST_FOR/deg_16000/c00021_for_cnv_m_0041_03.wav,21,c00021_for_cnv_m_0041_03,1.7741935483871,,1
/fs/ess/PAS2301/Data/Speech/MOS_datasets/nisqa/NISQA_TEST_FOR/deg_16000/c00021_for_cnv_m_0031_01.wav,21,c00021_for_cnv_m_0031_01,1.61538461538462,,1
/fs/ess/PAS2301/Data/Speech/MOS_datasets/nisqa/NISQA_TEST_FOR/deg_16000/c00021_for_cnv_f_0119_02.wav,21,c00021_for_cnv_f_0119_02,2.14705882352941,,1
/fs/ess/PAS2301/Data/Speech/MOS_datasets/nisqa/NISQA_TEST_FOR/deg_16000/c00021_for_cnv_f_0045_03.wav,21,c00021_for_cnv_f_0045_03,1.80645161290323,,1
/fs/ess/PAS2301/Data/Speech/MOS_datasets/nisqa/NISQA_TEST_FOR/deg_16000/c00022_for_cnv_m_0056_01.wav,22,c00022_for_cnv_m_0056_01,1.41935483870968,,1
/fs/ess/PAS2301/Data/Speech/MOS_datasets/nisqa/NISQA_TEST_FOR/deg_16000/c00022_for_cnv_m_0002_03.wav,22,c00022_for_cnv_m_0002_03,1.9354838709677402,,1
/fs/ess/PAS2301/Data/Speech/MOS_datasets/nisqa/NISQA_TEST_FOR/deg_16000/c00022_for_cnv_f_0070_03.wav,22,c00022_for_cnv_f_0070_03,2.15625,,1
/fs/ess/PAS2301/Data/Speech/MOS_datasets/nisqa/NISQA_TEST_FOR/deg_16000/c00022_for_cnv_f_0113_01.wav,22,c00022_for_cnv_f_0113_01,1.68,,1
/fs/ess/PAS2301/Data/Speech/MOS_datasets/nisqa/NISQA_TEST_FOR/deg_16000/c00023_for_cnv_m_0002_01.wav,23,c00023_for_cnv_m_0002_01,1.44,,1
/fs/ess/PAS2301/Data/Speech/MOS_datasets/nisqa/NISQA_TEST_FOR/deg_16000/c00023_for_cnv_m_0003_03.wav,23,c00023_for_cnv_m_0003_03,1.3125,,1
/fs/ess/PAS2301/Data/Speech/MOS_datasets/nisqa/NISQA_TEST_FOR/deg_16000/c00023_for_cnv_f_0579_01.wav,23,c00023_for_cnv_f_0579_01,1.32,,1
/fs/ess/PAS2301/Data/Speech/MOS_datasets/nisqa/NISQA_TEST_FOR/deg_16000/c00023_for_cnv_f_0043_03.wav,23,c00023_for_cnv_f_0043_03,1.61290322580645,,1
/fs/ess/PAS2301/Data/Speech/MOS_datasets/nisqa/NISQA_TEST_FOR/deg_16000/c00024_for_cnv_m_0031_02.wav,24,c00024_for_cnv_m_0031_02,1.29032258064516,,1
/fs/ess/PAS2301/Data/Speech/MOS_datasets/nisqa/NISQA_TEST_FOR/deg_16000/c00024_for_cnv_m_0063_03.wav,24,c00024_for_cnv_m_0063_03,1.33333333333333,,1
/fs/ess/PAS2301/Data/Speech/MOS_datasets/nisqa/NISQA_TEST_FOR/deg_16000/c00024_for_cnv_f_0118_01.wav,24,c00024_for_cnv_f_0118_01,1.61290322580645,,1
/fs/ess/PAS2301/Data/Speech/MOS_datasets/nisqa/NISQA_TEST_FOR/deg_16000/c00024_for_cnv_f_0101_03.wav,24,c00024_for_cnv_f_0101_03,1.2258064516129,,1
/fs/ess/PAS2301/Data/Speech/MOS_datasets/nisqa/NISQA_TEST_FOR/deg_16000/c00025_for_cnv_m_0109_02.wav,25,c00025_for_cnv_m_0109_02,2.6153846153846203,,1
/fs/ess/PAS2301/Data/Speech/MOS_datasets/nisqa/NISQA_TEST_FOR/deg_16000/c00025_for_cnv_m_0639_03.wav,25,c00025_for_cnv_m_0639_03,2.83870967741935,,1
/fs/ess/PAS2301/Data/Speech/MOS_datasets/nisqa/NISQA_TEST_FOR/deg_16000/c00025_for_cnv_f_0004_01.wav,25,c00025_for_cnv_f_0004_01,3.11538461538462,,1
/fs/ess/PAS2301/Data/Speech/MOS_datasets/nisqa/NISQA_TEST_FOR/deg_16000/c00025_for_cnv_f_0023_01.wav,25,c00025_for_cnv_f_0023_01,2.70967741935484,,1
/fs/ess/PAS2301/Data/Speech/MOS_datasets/nisqa/NISQA_TEST_FOR/deg_16000/c00026_for_cnv_m_1046_03.wav,26,c00026_for_cnv_m_1046_03,1.96,,1
/fs/ess/PAS2301/Data/Speech/MOS_datasets/nisqa/NISQA_TEST_FOR/deg_16000/c00026_for_cnv_m_0059_02.wav,26,c00026_for_cnv_m_0059_02,3.54838709677419,,1
/fs/ess/PAS2301/Data/Speech/MOS_datasets/nisqa/NISQA_TEST_FOR/deg_16000/c00026_for_cnv_f_0080_01.wav,26,c00026_for_cnv_f_0080_01,3.48387096774194,,1
/fs/ess/PAS2301/Data/Speech/MOS_datasets/nisqa/NISQA_TEST_FOR/deg_16000/c00026_for_cnv_f_0113_02.wav,26,c00026_for_cnv_f_0113_02,3.7741935483871,,1
/fs/ess/PAS2301/Data/Speech/MOS_datasets/nisqa/NISQA_TEST_FOR/deg_16000/c00027_for_cnv_m_0076_03.wav,27,c00027_for_cnv_m_0076_03,2.15625,,1
/fs/ess/PAS2301/Data/Speech/MOS_datasets/nisqa/NISQA_TEST_FOR/deg_16000/c00027_for_cnv_m_0048_02.wav,27,c00027_for_cnv_m_0048_02,3.61290322580645,,1
/fs/ess/PAS2301/Data/Speech/MOS_datasets/nisqa/NISQA_TEST_FOR/deg_16000/c00027_for_cnv_f_0088_03.wav,27,c00027_for_cnv_f_0088_03,1.7692307692307698,,1
/fs/ess/PAS2301/Data/Speech/MOS_datasets/nisqa/NISQA_TEST_FOR/deg_16000/c00027_for_cnv_f_0008_01.wav,27,c00027_for_cnv_f_0008_01,3.28571428571429,,1
/fs/ess/PAS2301/Data/Speech/MOS_datasets/nisqa/NISQA_TEST_FOR/deg_16000/c00028_for_cnv_m_0041_01.wav,28,c00028_for_cnv_m_0041_01,1.23076923076923,,1
/fs/ess/PAS2301/Data/Speech/MOS_datasets/nisqa/NISQA_TEST_FOR/deg_16000/c00028_for_cnv_m_1021_01.wav,28,c00028_for_cnv_m_1021_01,1.5483870967741902,,1
/fs/ess/PAS2301/Data/Speech/MOS_datasets/nisqa/NISQA_TEST_FOR/deg_16000/c00028_for_cnv_f_0043_01.wav,28,c00028_for_cnv_f_0043_01,1.84375,,1
/fs/ess/PAS2301/Data/Speech/MOS_datasets/nisqa/NISQA_TEST_FOR/deg_16000/c00028_for_cnv_f_0021_03.wav,28,c00028_for_cnv_f_0021_03,1.4516129032258098,,1
/fs/ess/PAS2301/Data/Speech/MOS_datasets/nisqa/NISQA_TEST_FOR/deg_16000/c00029_for_cnv_m_0092_02.wav,29,c00029_for_cnv_m_0092_02,1.1304347826087,,1
/fs/ess/PAS2301/Data/Speech/MOS_datasets/nisqa/NISQA_TEST_FOR/deg_16000/c00029_for_cnv_m_0068_02.wav,29,c00029_for_cnv_m_0068_02,2.28125,,1
/fs/ess/PAS2301/Data/Speech/MOS_datasets/nisqa/NISQA_TEST_FOR/deg_16000/c00029_for_cnv_f_0053_03.wav,29,c00029_for_cnv_f_0053_03,2.03846153846154,,1
/fs/ess/PAS2301/Data/Speech/MOS_datasets/nisqa/NISQA_TEST_FOR/deg_16000/c00029_for_cnv_f_0097_03.wav,29,c00029_for_cnv_f_0097_03,2.32258064516129,,1
/fs/ess/PAS2301/Data/Speech/MOS_datasets/nisqa/NISQA_TEST_FOR/deg_16000/c00030_for_cnv_m_0016_02.wav,30,c00030_for_cnv_m_0016_02,3.0,,1
/fs/ess/PAS2301/Data/Speech/MOS_datasets/nisqa/NISQA_TEST_FOR/deg_16000/c00030_for_cnv_m_0075_03.wav,30,c00030_for_cnv_m_0075_03,2.60606060606061,,1
/fs/ess/PAS2301/Data/Speech/MOS_datasets/nisqa/NISQA_TEST_FOR/deg_16000/c00030_for_cnv_f_0052_02.wav,30,c00030_for_cnv_f_0052_02,3.19047619047619,,1
/fs/ess/PAS2301/Data/Speech/MOS_datasets/nisqa/NISQA_TEST_FOR/deg_16000/c00030_for_cnv_f_0096_01.wav,30,c00030_for_cnv_f_0096_01,3.23529411764706,,1
/fs/ess/PAS2301/Data/Speech/MOS_datasets/nisqa/NISQA_TEST_FOR/deg_16000/c00031_for_cnv_m_0063_01.wav,31,c00031_for_cnv_m_0063_01,2.92,,1
/fs/ess/PAS2301/Data/Speech/MOS_datasets/nisqa/NISQA_TEST_FOR/deg_16000/c00031_for_cnv_m_0032_01.wav,31,c00031_for_cnv_m_0032_01,2.8709677419354804,,1
/fs/ess/PAS2301/Data/Speech/MOS_datasets/nisqa/NISQA_TEST_FOR/deg_16000/c00031_for_cnv_f_0098_01.wav,31,c00031_for_cnv_f_0098_01,2.51612903225806,,1
/fs/ess/PAS2301/Data/Speech/MOS_datasets/nisqa/NISQA_TEST_FOR/deg_16000/c00031_for_cnv_f_0023_02.wav,31,c00031_for_cnv_f_0023_02,2.72,,1
/fs/ess/PAS2301/Data/Speech/MOS_datasets/nisqa/NISQA_TEST_FOR/deg_16000/c00032_for_cnv_m_0103_03.wav,32,c00032_for_cnv_m_0103_03,1.16,,1
/fs/ess/PAS2301/Data/Speech/MOS_datasets/nisqa/NISQA_TEST_FOR/deg_16000/c00032_for_cnv_m_1021_03.wav,32,c00032_for_cnv_m_1021_03,1.3636363636363602,,1
/fs/ess/PAS2301/Data/Speech/MOS_datasets/nisqa/NISQA_TEST_FOR/deg_16000/c00032_for_cnv_f_0585_01.wav,32,c00032_for_cnv_f_0585_01,1.38709677419355,,1
/fs/ess/PAS2301/Data/Speech/MOS_datasets/nisqa/NISQA_TEST_FOR/deg_16000/c00032_for_cnv_f_0105_01.wav,32,c00032_for_cnv_f_0105_01,1.40625,,1
/fs/ess/PAS2301/Data/Speech/MOS_datasets/nisqa/NISQA_TEST_FOR/deg_16000/c00033_for_cnv_m_0031_03.wav,33,c00033_for_cnv_m_0031_03,1.80769230769231,,1
/fs/ess/PAS2301/Data/Speech/MOS_datasets/nisqa/NISQA_TEST_FOR/deg_16000/c00033_for_cnv_m_0048_01.wav,33,c00033_for_cnv_m_0048_01,2.07692307692308,,1
/fs/ess/PAS2301/Data/Speech/MOS_datasets/nisqa/NISQA_TEST_FOR/deg_16000/c00033_for_cnv_f_0087_01.wav,33,c00033_for_cnv_f_0087_01,2.16129032258065,,1
/fs/ess/PAS2301/Data/Speech/MOS_datasets/nisqa/NISQA_TEST_FOR/deg_16000/c00033_for_cnv_f_0114_02.wav,33,c00033_for_cnv_f_0114_02,1.68,,1
/fs/ess/PAS2301/Data/Speech/MOS_datasets/nisqa/NISQA_TEST_FOR/deg_16000/c00034_for_cnv_m_0076_02.wav,34,c00034_for_cnv_m_0076_02,2.05882352941176,,1
/fs/ess/PAS2301/Data/Speech/MOS_datasets/nisqa/NISQA_TEST_FOR/deg_16000/c00034_for_cnv_m_0012_03.wav,34,c00034_for_cnv_m_0012_03,2.28571428571429,,1
/fs/ess/PAS2301/Data/Speech/MOS_datasets/nisqa/NISQA_TEST_FOR/deg_16000/c00034_for_cnv_f_0101_02.wav,34,c00034_for_cnv_f_0101_02,1.75862068965517,,1
/fs/ess/PAS2301/Data/Speech/MOS_datasets/nisqa/NISQA_TEST_FOR/deg_16000/c00034_for_cnv_f_0071_01.wav,34,c00034_for_cnv_f_0071_01,2.19354838709677,,1
/fs/ess/PAS2301/Data/Speech/MOS_datasets/nisqa/NISQA_TEST_FOR/deg_16000/c00035_for_cnv_m_1036_01.wav,35,c00035_for_cnv_m_1036_01,1.8620689655172398,,1
/fs/ess/PAS2301/Data/Speech/MOS_datasets/nisqa/NISQA_TEST_FOR/deg_16000/c00035_for_cnv_m_0093_03.wav,35,c00035_for_cnv_m_0093_03,1.9523809523809497,,1
/fs/ess/PAS2301/Data/Speech/MOS_datasets/nisqa/NISQA_TEST_FOR/deg_16000/c00035_for_cnv_f_0097_02.wav,35,c00035_for_cnv_f_0097_02,1.42307692307692,,1
/fs/ess/PAS2301/Data/Speech/MOS_datasets/nisqa/NISQA_TEST_FOR/deg_16000/c00035_for_cnv_f_0013_01.wav,35,c00035_for_cnv_f_0013_01,1.6956521739130401,,1
/fs/ess/PAS2301/Data/Speech/MOS_datasets/nisqa/NISQA_TEST_FOR/deg_16000/c00036_for_cnv_m_0049_01.wav,36,c00036_for_cnv_m_0049_01,2.48,,1
/fs/ess/PAS2301/Data/Speech/MOS_datasets/nisqa/NISQA_TEST_FOR/deg_16000/c00036_for_cnv_m_0011_03.wav,36,c00036_for_cnv_m_0011_03,3.25806451612903,,1
/fs/ess/PAS2301/Data/Speech/MOS_datasets/nisqa/NISQA_TEST_FOR/deg_16000/c00036_for_cnv_f_0098_02.wav,36,c00036_for_cnv_f_0098_02,2.78571428571429,,1
/fs/ess/PAS2301/Data/Speech/MOS_datasets/nisqa/NISQA_TEST_FOR/deg_16000/c00036_for_cnv_f_0079_03.wav,36,c00036_for_cnv_f_0079_03,3.0294117647058796,,1
/fs/ess/PAS2301/Data/Speech/MOS_datasets/nisqa/NISQA_TEST_FOR/deg_16000/c00037_for_cnv_m_0054_03.wav,37,c00037_for_cnv_m_0054_03,2.8125,,1
/fs/ess/PAS2301/Data/Speech/MOS_datasets/nisqa/NISQA_TEST_FOR/deg_16000/c00037_for_cnv_m_0010_02.wav,37,c00037_for_cnv_m_0010_02,2.71875,,1
/fs/ess/PAS2301/Data/Speech/MOS_datasets/nisqa/NISQA_TEST_FOR/deg_16000/c00037_for_cnv_f_0585_02.wav,37,c00037_for_cnv_f_0585_02,2.6956521739130404,,1
/fs/ess/PAS2301/Data/Speech/MOS_datasets/nisqa/NISQA_TEST_FOR/deg_16000/c00037_for_cnv_f_0020_01.wav,37,c00037_for_cnv_f_0020_01,2.65625,,1
/fs/ess/PAS2301/Data/Speech/MOS_datasets/nisqa/NISQA_TEST_FOR/deg_16000/c00038_for_cnv_m_0093_02.wav,38,c00038_for_cnv_m_0093_02,2.64705882352941,,1
/fs/ess/PAS2301/Data/Speech/MOS_datasets/nisqa/NISQA_TEST_FOR/deg_16000/c00038_for_cnv_m_0094_02.wav,38,c00038_for_cnv_m_0094_02,3.09677419354839,,1
/fs/ess/PAS2301/Data/Speech/MOS_datasets/nisqa/NISQA_TEST_FOR/deg_16000/c00038_for_cnv_f_0052_01.wav,38,c00038_for_cnv_f_0052_01,2.625,,1
/fs/ess/PAS2301/Data/Speech/MOS_datasets/nisqa/NISQA_TEST_FOR/deg_16000/c00038_for_cnv_f_0579_03.wav,38,c00038_for_cnv_f_0579_03,2.17391304347826,,1
/fs/ess/PAS2301/Data/Speech/MOS_datasets/nisqa/NISQA_TEST_FOR/deg_16000/c00039_for_cnv_m_0093_01.wav,39,c00039_for_cnv_m_0093_01,2.5,,1
/fs/ess/PAS2301/Data/Speech/MOS_datasets/nisqa/NISQA_TEST_FOR/deg_16000/c00039_for_cnv_m_0067_01.wav,39,c00039_for_cnv_m_0067_01,1.6774193548387095,,1
/fs/ess/PAS2301/Data/Speech/MOS_datasets/nisqa/NISQA_TEST_FOR/deg_16000/c00039_for_cnv_f_0026_02.wav,39,c00039_for_cnv_f_0026_02,2.09677419354839,,1
/fs/ess/PAS2301/Data/Speech/MOS_datasets/nisqa/NISQA_TEST_FOR/deg_16000/c00039_for_cnv_f_0088_02.wav,39,c00039_for_cnv_f_0088_02,1.5652173913043501,,1
/fs/ess/PAS2301/Data/Speech/MOS_datasets/nisqa/NISQA_TEST_FOR/deg_16000/c00040_for_cnv_m_0056_02.wav,40,c00040_for_cnv_m_0056_02,1.74193548387097,,1
/fs/ess/PAS2301/Data/Speech/MOS_datasets/nisqa/NISQA_TEST_FOR/deg_16000/c00040_for_cnv_m_0028_02.wav,40,c00040_for_cnv_m_0028_02,1.7352941176470602,,1
/fs/ess/PAS2301/Data/Speech/MOS_datasets/nisqa/NISQA_TEST_FOR/deg_16000/c00040_for_cnv_f_0089_02.wav,40,c00040_for_cnv_f_0089_02,1.8529411764705903,,1
/fs/ess/PAS2301/Data/Speech/MOS_datasets/nisqa/NISQA_TEST_FOR/deg_16000/c00040_for_cnv_f_0062_03.wav,40,c00040_for_cnv_f_0062_03,1.60714285714286,,1
/fs/ess/PAS2301/Data/Speech/MOS_datasets/nisqa/NISQA_TEST_FOR/deg_16000/c00041_for_cnv_m_0059_01.wav,41,c00041_for_cnv_m_0059_01,4.375,,1
/fs/ess/PAS2301/Data/Speech/MOS_datasets/nisqa/NISQA_TEST_FOR/deg_16000/c00041_for_cnv_m_0012_01.wav,41,c00041_for_cnv_m_0012_01,4.09090909090909,,1
/fs/ess/PAS2301/Data/Speech/MOS_datasets/nisqa/NISQA_TEST_FOR/deg_16000/c00041_for_cnv_f_0112_02.wav,41,c00041_for_cnv_f_0112_02,4.38709677419355,,1
/fs/ess/PAS2301/Data/Speech/MOS_datasets/nisqa/NISQA_TEST_FOR/deg_16000/c00041_for_cnv_f_0096_02.wav,41,c00041_for_cnv_f_0096_02,4.25806451612903,,1
/fs/ess/PAS2301/Data/Speech/MOS_datasets/nisqa/NISQA_TEST_FOR/deg_16000/c00042_for_cnv_m_0058_02.wav,42,c00042_for_cnv_m_0058_02,2.61290322580645,,1
/fs/ess/PAS2301/Data/Speech/MOS_datasets/nisqa/NISQA_TEST_FOR/deg_16000/c00042_for_cnv_m_1036_03.wav,42,c00042_for_cnv_m_1036_03,2.90625,,1
/fs/ess/PAS2301/Data/Speech/MOS_datasets/nisqa/NISQA_TEST_FOR/deg_16000/c00042_for_cnv_f_0118_02.wav,42,c00042_for_cnv_f_0118_02,2.7741935483871,,1
/fs/ess/PAS2301/Data/Speech/MOS_datasets/nisqa/NISQA_TEST_FOR/deg_16000/c00042_for_cnv_f_0570_02.wav,42,c00042_for_cnv_f_0570_02,3.0,,1
/fs/ess/PAS2301/Data/Speech/MOS_datasets/nisqa/NISQA_TEST_FOR/deg_16000/c00043_for_cnv_m_0626_02.wav,43,c00043_for_cnv_m_0626_02,1.375,,1
/fs/ess/PAS2301/Data/Speech/MOS_datasets/nisqa/NISQA_TEST_FOR/deg_16000/c00043_for_cnv_m_0109_03.wav,43,c00043_for_cnv_m_0109_03,2.06451612903226,,1
/fs/ess/PAS2301/Data/Speech/MOS_datasets/nisqa/NISQA_TEST_FOR/deg_16000/c00043_for_cnv_f_0008_02.wav,43,c00043_for_cnv_f_0008_02,1.31034482758621,,1
/fs/ess/PAS2301/Data/Speech/MOS_datasets/nisqa/NISQA_TEST_FOR/deg_16000/c00043_for_cnv_f_0089_03.wav,43,c00043_for_cnv_f_0089_03,1.26470588235294,,1
/fs/ess/PAS2301/Data/Speech/MOS_datasets/nisqa/NISQA_TEST_FOR/deg_16000/c00044_for_cnv_m_0626_01.wav,44,c00044_for_cnv_m_0626_01,1.6086956521739098,,1
/fs/ess/PAS2301/Data/Speech/MOS_datasets/nisqa/NISQA_TEST_FOR/deg_16000/c00044_for_cnv_m_0616_01.wav,44,c00044_for_cnv_m_0616_01,1.0,,1
/fs/ess/PAS2301/Data/Speech/MOS_datasets/nisqa/NISQA_TEST_FOR/deg_16000/c00044_for_cnv_f_0087_03.wav,44,c00044_for_cnv_f_0087_03,1.17857142857143,,1
/fs/ess/PAS2301/Data/Speech/MOS_datasets/nisqa/NISQA_TEST_FOR/deg_16000/c00044_for_cnv_f_0585_03.wav,44,c00044_for_cnv_f_0585_03,1.25806451612903,,1
/fs/ess/PAS2301/Data/Speech/MOS_datasets/nisqa/NISQA_TEST_FOR/deg_16000/c00045_for_cnv_m_0616_02.wav,45,c00045_for_cnv_m_0616_02,1.19047619047619,,1
/fs/ess/PAS2301/Data/Speech/MOS_datasets/nisqa/NISQA_TEST_FOR/deg_16000/c00045_for_cnv_m_0006_02.wav,45,c00045_for_cnv_m_0006_02,1.52173913043478,,1
/fs/ess/PAS2301/Data/Speech/MOS_datasets/nisqa/NISQA_TEST_FOR/deg_16000/c00045_for_cnv_f_0053_02.wav,45,c00045_for_cnv_f_0053_02,1.41935483870968,,1
/fs/ess/PAS2301/Data/Speech/MOS_datasets/nisqa/NISQA_TEST_FOR/deg_16000/c00045_for_cnv_f_0026_03.wav,45,c00045_for_cnv_f_0026_03,1.48,,1
/fs/ess/PAS2301/Data/Speech/MOS_datasets/nisqa/NISQA_TEST_FOR/deg_16000/c00046_for_cnv_m_0058_03.wav,46,c00046_for_cnv_m_0058_03,1.71875,,1
/fs/ess/PAS2301/Data/Speech/MOS_datasets/nisqa/NISQA_TEST_FOR/deg_16000/c00046_for_cnv_m_0092_01.wav,46,c00046_for_cnv_m_0092_01,1.7826086956521698,,1
/fs/ess/PAS2301/Data/Speech/MOS_datasets/nisqa/NISQA_TEST_FOR/deg_16000/c00046_for_cnv_f_0112_03.wav,46,c00046_for_cnv_f_0112_03,1.64,,1
/fs/ess/PAS2301/Data/Speech/MOS_datasets/nisqa/NISQA_TEST_FOR/deg_16000/c00046_for_cnv_f_0089_01.wav,46,c00046_for_cnv_f_0089_01,1.59375,,1
/fs/ess/PAS2301/Data/Speech/MOS_datasets/nisqa/NISQA_TEST_FOR/deg_16000/c00047_for_cnv_m_0068_03.wav,47,c00047_for_cnv_m_0068_03,1.32258064516129,,1
/fs/ess/PAS2301/Data/Speech/MOS_datasets/nisqa/NISQA_TEST_FOR/deg_16000/c00047_for_cnv_m_0001_03.wav,47,c00047_for_cnv_m_0001_03,1.41935483870968,,1
/fs/ess/PAS2301/Data/Speech/MOS_datasets/nisqa/NISQA_TEST_FOR/deg_16000/c00047_for_cnv_f_0004_02.wav,47,c00047_for_cnv_f_0004_02,1.06451612903226,,1
/fs/ess/PAS2301/Data/Speech/MOS_datasets/nisqa/NISQA_TEST_FOR/deg_16000/c00047_for_cnv_f_0047_01.wav,47,c00047_for_cnv_f_0047_01,1.33333333333333,,1
/fs/ess/PAS2301/Data/Speech/MOS_datasets/nisqa/NISQA_TEST_FOR/deg_16000/c00048_for_cnv_m_0059_03.wav,48,c00048_for_cnv_m_0059_03,3.65217391304348,,1
/fs/ess/PAS2301/Data/Speech/MOS_datasets/nisqa/NISQA_TEST_FOR/deg_16000/c00048_for_cnv_m_0628_01.wav,48,c00048_for_cnv_m_0628_01,3.06451612903226,,1
/fs/ess/PAS2301/Data/Speech/MOS_datasets/nisqa/NISQA_TEST_FOR/deg_16000/c00048_for_cnv_f_0021_01.wav,48,c00048_for_cnv_f_0021_01,3.5,,1
/fs/ess/PAS2301/Data/Speech/MOS_datasets/nisqa/NISQA_TEST_FOR/deg_16000/c00048_for_cnv_f_0070_01.wav,48,c00048_for_cnv_f_0070_01,2.65384615384615,,1
/fs/ess/PAS2301/Data/Speech/MOS_datasets/nisqa/NISQA_TEST_FOR/deg_16000/c00049_for_cnv_m_0109_01.wav,49,c00049_for_cnv_m_0109_01,3.15625,,1
/fs/ess/PAS2301/Data/Speech/MOS_datasets/nisqa/NISQA_TEST_FOR/deg_16000/c00049_for_cnv_m_1035_03.wav,49,c00049_for_cnv_m_1035_03,2.7741935483871,,1
/fs/ess/PAS2301/Data/Speech/MOS_datasets/nisqa/NISQA_TEST_FOR/deg_16000/c00049_for_cnv_f_0040_02.wav,49,c00049_for_cnv_f_0040_02,3.2258064516129,,1
/fs/ess/PAS2301/Data/Speech/MOS_datasets/nisqa/NISQA_TEST_FOR/deg_16000/c00049_for_cnv_f_0102_03.wav,49,c00049_for_cnv_f_0102_03,3.34375,,1
/fs/ess/PAS2301/Data/Speech/MOS_datasets/nisqa/NISQA_TEST_FOR/deg_16000/c00050_for_cnv_m_0011_01.wav,50,c00050_for_cnv_m_0011_01,1.46153846153846,,1
/fs/ess/PAS2301/Data/Speech/MOS_datasets/nisqa/NISQA_TEST_FOR/deg_16000/c00050_for_cnv_m_0001_01.wav,50,c00050_for_cnv_m_0001_01,1.1764705882352902,,1
/fs/ess/PAS2301/Data/Speech/MOS_datasets/nisqa/NISQA_TEST_FOR/deg_16000/c00050_for_cnv_f_0052_03.wav,50,c00050_for_cnv_f_0052_03,1.48387096774194,,1
/fs/ess/PAS2301/Data/Speech/MOS_datasets/nisqa/NISQA_TEST_FOR/deg_16000/c00050_for_cnv_f_0118_03.wav,50,c00050_for_cnv_f_0118_03,1.61290322580645,,1
/fs/ess/PAS2301/Data/Speech/MOS_datasets/nisqa/NISQA_TEST_FOR/deg_16000/c00051_for_cnv_m_0011_02.wav,51,c00051_for_cnv_m_0011_02,3.38709677419355,,1
/fs/ess/PAS2301/Data/Speech/MOS_datasets/nisqa/NISQA_TEST_FOR/deg_16000/c00051_for_cnv_m_0003_01.wav,51,c00051_for_cnv_m_0003_01,2.80645161290323,,1
/fs/ess/PAS2301/Data/Speech/MOS_datasets/nisqa/NISQA_TEST_FOR/deg_16000/c00051_for_cnv_f_0119_03.wav,51,c00051_for_cnv_f_0119_03,3.23809523809524,,1
/fs/ess/PAS2301/Data/Speech/MOS_datasets/nisqa/NISQA_TEST_FOR/deg_16000/c00051_for_cnv_f_0080_02.wav,51,c00051_for_cnv_f_0080_02,2.90322580645161,,1
/fs/ess/PAS2301/Data/Speech/MOS_datasets/nisqa/NISQA_TEST_FOR/deg_16000/c00052_for_cnv_m_0639_01.wav,52,c00052_for_cnv_m_0639_01,1.61290322580645,,1
/fs/ess/PAS2301/Data/Speech/MOS_datasets/nisqa/NISQA_TEST_FOR/deg_16000/c00052_for_cnv_m_0081_01.wav,52,c00052_for_cnv_m_0081_01,2.03225806451613,,1
/fs/ess/PAS2301/Data/Speech/MOS_datasets/nisqa/NISQA_TEST_FOR/deg_16000/c00052_for_cnv_f_0102_01.wav,52,c00052_for_cnv_f_0102_01,2.1923076923076903,,1
/fs/ess/PAS2301/Data/Speech/MOS_datasets/nisqa/NISQA_TEST_FOR/deg_16000/c00052_for_cnv_f_0104_01.wav,52,c00052_for_cnv_f_0104_01,2.06451612903226,,1
/fs/ess/PAS2301/Data/Speech/MOS_datasets/nisqa/NISQA_TEST_FOR/deg_16000/c00053_for_cnv_m_0002_02.wav,53,c00053_for_cnv_m_0002_02,2.0952380952381,,1
/fs/ess/PAS2301/Data/Speech/MOS_datasets/nisqa/NISQA_TEST_FOR/deg_16000/c00053_for_cnv_m_0055_01.wav,53,c00053_for_cnv_m_0055_01,1.41935483870968,,1
/fs/ess/PAS2301/Data/Speech/MOS_datasets/nisqa/NISQA_TEST_FOR/deg_16000/c00053_for_cnv_f_0070_02.wav,53,c00053_for_cnv_f_0070_02,1.7391304347826102,,1
/fs/ess/PAS2301/Data/Speech/MOS_datasets/nisqa/NISQA_TEST_FOR/deg_16000/c00053_for_cnv_f_0043_02.wav,53,c00053_for_cnv_f_0043_02,2.375,,1
/fs/ess/PAS2301/Data/Speech/MOS_datasets/nisqa/NISQA_TEST_FOR/deg_16000/c00054_for_cnv_m_1007_03.wav,54,c00054_for_cnv_m_1007_03,1.52173913043478,,1
/fs/ess/PAS2301/Data/Speech/MOS_datasets/nisqa/NISQA_TEST_FOR/deg_16000/c00054_for_cnv_m_0094_03.wav,54,c00054_for_cnv_m_0094_03,2.25806451612903,,1
/fs/ess/PAS2301/Data/Speech/MOS_datasets/nisqa/NISQA_TEST_FOR/deg_16000/c00054_for_cnv_f_0047_03.wav,54,c00054_for_cnv_f_0047_03,1.48,,1
/fs/ess/PAS2301/Data/Speech/MOS_datasets/nisqa/NISQA_TEST_FOR/deg_16000/c00054_for_cnv_f_0040_03.wav,54,c00054_for_cnv_f_0040_03,2.6,,1
/fs/ess/PAS2301/Data/Speech/MOS_datasets/nisqa/NISQA_TEST_FOR/deg_16000/c00055_for_cnv_m_0626_03.wav,55,c00055_for_cnv_m_0626_03,1.79411764705882,,1
/fs/ess/PAS2301/Data/Speech/MOS_datasets/nisqa/NISQA_TEST_FOR/deg_16000/c00055_for_cnv_m_0063_02.wav,55,c00055_for_cnv_m_0063_02,2.21212121212121,,1
/fs/ess/PAS2301/Data/Speech/MOS_datasets/nisqa/NISQA_TEST_FOR/deg_16000/c00055_for_cnv_f_0009_01.wav,55,c00055_for_cnv_f_0009_01,1.8125,,1
/fs/ess/PAS2301/Data/Speech/MOS_datasets/nisqa/NISQA_TEST_FOR/deg_16000/c00055_for_cnv_f_0572_01.wav,55,c00055_for_cnv_f_0572_01,2.28,,1
/fs/ess/PAS2301/Data/Speech/MOS_datasets/nisqa/NISQA_TEST_FOR/deg_16000/c00056_for_cnv_m_0054_02.wav,56,c00056_for_cnv_m_0054_02,4.03846153846154,,1
/fs/ess/PAS2301/Data/Speech/MOS_datasets/nisqa/NISQA_TEST_FOR/deg_16000/c00056_for_cnv_m_0067_02.wav,56,c00056_for_cnv_m_0067_02,4.4,,1
/fs/ess/PAS2301/Data/Speech/MOS_datasets/nisqa/NISQA_TEST_FOR/deg_16000/c00056_for_cnv_f_0021_02.wav,56,c00056_for_cnv_f_0021_02,4.23529411764706,,1
/fs/ess/PAS2301/Data/Speech/MOS_datasets/nisqa/NISQA_TEST_FOR/deg_16000/c00056_for_cnv_f_0036_03.wav,56,c00056_for_cnv_f_0036_03,3.67741935483871,,1
/fs/ess/PAS2301/Data/Speech/MOS_datasets/nisqa/NISQA_TEST_FOR/deg_16000/c00057_for_cnv_m_0003_02.wav,57,c00057_for_cnv_m_0003_02,2.6969696969697003,,1
/fs/ess/PAS2301/Data/Speech/MOS_datasets/nisqa/NISQA_TEST_FOR/deg_16000/c00057_for_cnv_m_0010_03.wav,57,c00057_for_cnv_m_0010_03,2.3448275862069,,1
/fs/ess/PAS2301/Data/Speech/MOS_datasets/nisqa/NISQA_TEST_FOR/deg_16000/c00057_for_cnv_f_0038_03.wav,57,c00057_for_cnv_f_0038_03,3.0,,1
/fs/ess/PAS2301/Data/Speech/MOS_datasets/nisqa/NISQA_TEST_FOR/deg_16000/c00057_for_cnv_f_0570_01.wav,57,c00057_for_cnv_f_0570_01,3.05882352941176,,1
/fs/ess/PAS2301/Data/Speech/MOS_datasets/nisqa/NISQA_TEST_FOR/deg_16000/c00058_for_cnv_m_0076_01.wav,58,c00058_for_cnv_m_0076_01,2.7241379310344795,,1
/fs/ess/PAS2301/Data/Speech/MOS_datasets/nisqa/NISQA_TEST_FOR/deg_16000/c00058_for_cnv_m_0081_03.wav,58,c00058_for_cnv_m_0081_03,2.96774193548387,,1
/fs/ess/PAS2301/Data/Speech/MOS_datasets/nisqa/NISQA_TEST_FOR/deg_16000/c00058_for_cnv_f_0579_02.wav,58,c00058_for_cnv_f_0579_02,2.875,,1
/fs/ess/PAS2301/Data/Speech/MOS_datasets/nisqa/NISQA_TEST_FOR/deg_16000/c00058_for_cnv_f_0009_03.wav,58,c00058_for_cnv_f_0009_03,3.94117647058824,,1
/fs/ess/PAS2301/Data/Speech/MOS_datasets/nisqa/NISQA_TEST_FOR/deg_16000/c00059_for_cnv_m_1046_01.wav,59,c00059_for_cnv_m_1046_01,1.93103448275862,,1
/fs/ess/PAS2301/Data/Speech/MOS_datasets/nisqa/NISQA_TEST_FOR/deg_16000/c00059_for_cnv_m_0001_02.wav,59,c00059_for_cnv_m_0001_02,1.84375,,1
/fs/ess/PAS2301/Data/Speech/MOS_datasets/nisqa/NISQA_TEST_FOR/deg_16000/c00059_for_cnv_f_0104_03.wav,59,c00059_for_cnv_f_0104_03,2.28571428571429,,1
/fs/ess/PAS2301/Data/Speech/MOS_datasets/nisqa/NISQA_TEST_FOR/deg_16000/c00059_for_cnv_f_0004_03.wav,59,c00059_for_cnv_f_0004_03,2.24137931034483,,1
/fs/ess/PAS2301/Data/Speech/MOS_datasets/nisqa/NISQA_TEST_FOR/deg_16000/c00060_for_cnv_m_0049_02.wav,60,c00060_for_cnv_m_0049_02,1.34615384615385,,1
/fs/ess/PAS2301/Data/Speech/MOS_datasets/nisqa/NISQA_TEST_FOR/deg_16000/c00060_for_cnv_m_0058_01.wav,60,c00060_for_cnv_m_0058_01,1.4375,,1
/fs/ess/PAS2301/Data/Speech/MOS_datasets/nisqa/NISQA_TEST_FOR/deg_16000/c00060_for_cnv_f_0008_03.wav,60,c00060_for_cnv_f_0008_03,1.35483870967742,,1
/fs/ess/PAS2301/Data/Speech/MOS_datasets/nisqa/NISQA_TEST_FOR/deg_16000/c00060_for_cnv_f_0102_02.wav,60,c00060_for_cnv_f_0102_02,1.25806451612903,,1
