wav_path,system_id,sample_id,score,listener_id
/fs/ess/PAS2301/Data/Speech/MOS_datasets/nisqa/NISQA_TEST_P501/deg_16000/c00001_P501_C_english_f1_FB_48k.wav,1,c00001_P501_C_english_f1_FB_48k,4.6875,
/fs/ess/PAS2301/Data/Speech/MOS_datasets/nisqa/NISQA_TEST_P501/deg_16000/c00001_P501_C_english_f2_FB_48k.wav,1,c00001_P501_C_english_f2_FB_48k,4.6153846153846105,
/fs/ess/PAS2301/Data/Speech/MOS_datasets/nisqa/NISQA_TEST_P501/deg_16000/c00001_P501_C_english_m1_FB_48k.wav,1,c00001_P501_C_english_m1_FB_48k,4.83333333333333,
/fs/ess/PAS2301/Data/Speech/MOS_datasets/nisqa/NISQA_TEST_P501/deg_16000/c00001_P501_C_english_m2_FB_48k.wav,1,c00001_P501_C_english_m2_FB_48k,4.888888888888889,
/fs/ess/PAS2301/Data/Speech/MOS_datasets/nisqa/NISQA_TEST_P501/deg_16000/c00002_P501_C_english_f1_FB_48k.wav,2,c00002_P501_C_english_f1_FB_48k,4.26666666666667,
/fs/ess/PAS2301/Data/Speech/MOS_datasets/nisqa/NISQA_TEST_P501/deg_16000/c00002_P501_C_english_f2_FB_48k.wav,2,c00002_P501_C_english_f2_FB_48k,4.07692307692308,
/fs/ess/PAS2301/Data/Speech/MOS_datasets/nisqa/NISQA_TEST_P501/deg_16000/c00002_P501_C_english_m1_FB_48k.wav,2,c00002_P501_C_english_m1_FB_48k,3.9166666666666696,
/fs/ess/PAS2301/Data/Speech/MOS_datasets/nisqa/NISQA_TEST_P501/deg_16000/c00002_P501_C_english_m2_FB_48k.wav,2,c00002_P501_C_english_m2_FB_48k,4.06666666666667,
/fs/ess/PAS2301/Data/Speech/MOS_datasets/nisqa/NISQA_TEST_P501/deg_16000/c00003_P501_C_english_f1_FB_48k.wav,3,c00003_P501_C_english_f1_FB_48k,2.0714285714285703,
/fs/ess/PAS2301/Data/Speech/MOS_datasets/nisqa/NISQA_TEST_P501/deg_16000/c00003_P501_C_english_f2_FB_48k.wav,3,c00003_P501_C_english_f2_FB_48k,1.9333333333333305,
/fs/ess/PAS2301/Data/Speech/MOS_datasets/nisqa/NISQA_TEST_P501/deg_16000/c00003_P501_C_english_m1_FB_48k.wav,3,c00003_P501_C_english_m1_FB_48k,2.3125,
/fs/ess/PAS2301/Data/Speech/MOS_datasets/nisqa/NISQA_TEST_P501/deg_16000/c00003_P501_C_english_m2_FB_48k.wav,3,c00003_P501_C_english_m2_FB_48k,2.25,
/fs/ess/PAS2301/Data/Speech/MOS_datasets/nisqa/NISQA_TEST_P501/deg_16000/c00004_P501_C_english_f1_FB_48k.wav,4,c00004_P501_C_english_f1_FB_48k,3.53333333333333,
/fs/ess/PAS2301/Data/Speech/MOS_datasets/nisqa/NISQA_TEST_P501/deg_16000/c00004_P501_C_english_f2_FB_48k.wav,4,c00004_P501_C_english_f2_FB_48k,3.2,
/fs/ess/PAS2301/Data/Speech/MOS_datasets/nisqa/NISQA_TEST_P501/deg_16000/c00004_P501_C_english_m1_FB_48k.wav,4,c00004_P501_C_english_m1_FB_48k,3.76923076923077,
/fs/ess/PAS2301/Data/Speech/MOS_datasets/nisqa/NISQA_TEST_P501/deg_16000/c00004_P501_C_english_m2_FB_48k.wav,4,c00004_P501_C_english_m2_FB_48k,3.5,
/fs/ess/PAS2301/Data/Speech/MOS_datasets/nisqa/NISQA_TEST_P501/deg_16000/c00005_P501_C_english_f1_FB_48k.wav,5,c00005_P501_C_english_f1_FB_48k,2.78571428571429,
/fs/ess/PAS2301/Data/Speech/MOS_datasets/nisqa/NISQA_TEST_P501/deg_16000/c00005_P501_C_english_f2_FB_48k.wav,5,c00005_P501_C_english_f2_FB_48k,2.3846153846153797,
/fs/ess/PAS2301/Data/Speech/MOS_datasets/nisqa/NISQA_TEST_P501/deg_16000/c00005_P501_C_english_m1_FB_48k.wav,5,c00005_P501_C_english_m1_FB_48k,2.625,
/fs/ess/PAS2301/Data/Speech/MOS_datasets/nisqa/NISQA_TEST_P501/deg_16000/c00005_P501_C_english_m2_FB_48k.wav,5,c00005_P501_C_english_m2_FB_48k,2.6666666666666696,
/fs/ess/PAS2301/Data/Speech/MOS_datasets/nisqa/NISQA_TEST_P501/deg_16000/c00006_P501_C_english_f1_FB_48k.wav,6,c00006_P501_C_english_f1_FB_48k,3.6875,
/fs/ess/PAS2301/Data/Speech/MOS_datasets/nisqa/NISQA_TEST_P501/deg_16000/c00006_P501_C_english_f2_FB_48k.wav,6,c00006_P501_C_english_f2_FB_48k,3.30769230769231,
/fs/ess/PAS2301/Data/Speech/MOS_datasets/nisqa/NISQA_TEST_P501/deg_16000/c00006_P501_C_english_m1_FB_48k.wav,6,c00006_P501_C_english_m1_FB_48k,3.4,
/fs/ess/PAS2301/Data/Speech/MOS_datasets/nisqa/NISQA_TEST_P501/deg_16000/c00006_P501_C_english_m2_FB_48k.wav,6,c00006_P501_C_english_m2_FB_48k,3.6666666666666696,
/fs/ess/PAS2301/Data/Speech/MOS_datasets/nisqa/NISQA_TEST_P501/deg_16000/c00007_P501_C_english_f1_FB_48k.wav,7,c00007_P501_C_english_f1_FB_48k,3.75,
/fs/ess/PAS2301/Data/Speech/MOS_datasets/nisqa/NISQA_TEST_P501/deg_16000/c00007_P501_C_english_f2_FB_48k.wav,7,c00007_P501_C_english_f2_FB_48k,3.82352941176471,
/fs/ess/PAS2301/Data/Speech/MOS_datasets/nisqa/NISQA_TEST_P501/deg_16000/c00007_P501_C_english_m1_FB_48k.wav,7,c00007_P501_C_english_m1_FB_48k,3.25,
/fs/ess/PAS2301/Data/Speech/MOS_datasets/nisqa/NISQA_TEST_P501/deg_16000/c00007_P501_C_english_m2_FB_48k.wav,7,c00007_P501_C_english_m2_FB_48k,3.77777777777778,
/fs/ess/PAS2301/Data/Speech/MOS_datasets/nisqa/NISQA_TEST_P501/deg_16000/c00008_P501_C_english_f1_FB_48k.wav,8,c00008_P501_C_english_f1_FB_48k,2.0714285714285703,
/fs/ess/PAS2301/Data/Speech/MOS_datasets/nisqa/NISQA_TEST_P501/deg_16000/c00008_P501_C_english_f2_FB_48k.wav,8,c00008_P501_C_english_f2_FB_48k,2.0,
/fs/ess/PAS2301/Data/Speech/MOS_datasets/nisqa/NISQA_TEST_P501/deg_16000/c00008_P501_C_english_m1_FB_48k.wav,8,c00008_P501_C_english_m1_FB_48k,1.8125,
/fs/ess/PAS2301/Data/Speech/MOS_datasets/nisqa/NISQA_TEST_P501/deg_16000/c00008_P501_C_english_m2_FB_48k.wav,8,c00008_P501_C_english_m2_FB_48k,1.8666666666666696,
/fs/ess/PAS2301/Data/Speech/MOS_datasets/nisqa/NISQA_TEST_P501/deg_16000/c00009_P501_C_english_f1_FB_48k.wav,9,c00009_P501_C_english_f1_FB_48k,2.86666666666667,
/fs/ess/PAS2301/Data/Speech/MOS_datasets/nisqa/NISQA_TEST_P501/deg_16000/c00009_P501_C_english_f2_FB_48k.wav,9,c00009_P501_C_english_f2_FB_48k,2.625,
/fs/ess/PAS2301/Data/Speech/MOS_datasets/nisqa/NISQA_TEST_P501/deg_16000/c00009_P501_C_english_m1_FB_48k.wav,9,c00009_P501_C_english_m1_FB_48k,2.6,
/fs/ess/PAS2301/Data/Speech/MOS_datasets/nisqa/NISQA_TEST_P501/deg_16000/c00009_P501_C_english_m2_FB_48k.wav,9,c00009_P501_C_english_m2_FB_48k,2.5625,
/fs/ess/PAS2301/Data/Speech/MOS_datasets/nisqa/NISQA_TEST_P501/deg_16000/c00010_P501_C_english_f1_FB_48k.wav,10,c00010_P501_C_english_f1_FB_48k,2.5833333333333304,
/fs/ess/PAS2301/Data/Speech/MOS_datasets/nisqa/NISQA_TEST_P501/deg_16000/c00010_P501_C_english_f2_FB_48k.wav,10,c00010_P501_C_english_f2_FB_48k,2.5833333333333304,
/fs/ess/PAS2301/Data/Speech/MOS_datasets/nisqa/NISQA_TEST_P501/deg_16000/c00010_P501_C_english_m1_FB_48k.wav,10,c00010_P501_C_english_m1_FB_48k,2.75,
/fs/ess/PAS2301/Data/Speech/MOS_datasets/nisqa/NISQA_TEST_P501/deg_16000/c00010_P501_C_english_m2_FB_48k.wav,10,c00010_P501_C_english_m2_FB_48k,2.3846153846153797,
/fs/ess/PAS2301/Data/Speech/MOS_datasets/nisqa/NISQA_TEST_P501/deg_16000/c00011_P501_C_english_f1_FB_48k.wav,11,c00011_P501_C_english_f1_FB_48k,2.35714285714286,
/fs/ess/PAS2301/Data/Speech/MOS_datasets/nisqa/NISQA_TEST_P501/deg_16000/c00011_P501_C_english_f2_FB_48k.wav,11,c00011_P501_C_english_f2_FB_48k,2.6,
/fs/ess/PAS2301/Data/Speech/MOS_datasets/nisqa/NISQA_TEST_P501/deg_16000/c00011_P501_C_english_m1_FB_48k.wav,11,c00011_P501_C_english_m1_FB_48k,2.46666666666667,
/fs/ess/PAS2301/Data/Speech/MOS_datasets/nisqa/NISQA_TEST_P501/deg_16000/c00011_P501_C_english_m2_FB_48k.wav,11,c00011_P501_C_english_m2_FB_48k,2.1875,
/fs/ess/PAS2301/Data/Speech/MOS_datasets/nisqa/NISQA_TEST_P501/deg_16000/c00012_P501_C_english_f1_FB_48k.wav,12,c00012_P501_C_english_f1_FB_48k,4.75,
/fs/ess/PAS2301/Data/Speech/MOS_datasets/nisqa/NISQA_TEST_P501/deg_16000/c00012_P501_C_english_f2_FB_48k.wav,12,c00012_P501_C_english_f2_FB_48k,4.73333333333333,
/fs/ess/PAS2301/Data/Speech/MOS_datasets/nisqa/NISQA_TEST_P501/deg_16000/c00012_P501_C_english_m1_FB_48k.wav,12,c00012_P501_C_english_m1_FB_48k,4.88235294117647,
/fs/ess/PAS2301/Data/Speech/MOS_datasets/nisqa/NISQA_TEST_P501/deg_16000/c00012_P501_C_english_m2_FB_48k.wav,12,c00012_P501_C_english_m2_FB_48k,4.33333333333333,
/fs/ess/PAS2301/Data/Speech/MOS_datasets/nisqa/NISQA_TEST_P501/deg_16000/c00013_P501_C_english_f1_FB_48k.wav,13,c00013_P501_C_english_f1_FB_48k,3.875,
/fs/ess/PAS2301/Data/Speech/MOS_datasets/nisqa/NISQA_TEST_P501/deg_16000/c00013_P501_C_english_f2_FB_48k.wav,13,c00013_P501_C_english_f2_FB_48k,3.88235294117647,
/fs/ess/PAS2301/Data/Speech/MOS_datasets/nisqa/NISQA_TEST_P501/deg_16000/c00013_P501_C_english_m1_FB_48k.wav,13,c00013_P501_C_english_m1_FB_48k,4.0,
/fs/ess/PAS2301/Data/Speech/MOS_datasets/nisqa/NISQA_TEST_P501/deg_16000/c00013_P501_C_english_m2_FB_48k.wav,13,c00013_P501_C_english_m2_FB_48k,4.2,
/fs/ess/PAS2301/Data/Speech/MOS_datasets/nisqa/NISQA_TEST_P501/deg_16000/c00014_P501_C_english_f1_FB_48k.wav,14,c00014_P501_C_english_f1_FB_48k,3.1666666666666696,
/fs/ess/PAS2301/Data/Speech/MOS_datasets/nisqa/NISQA_TEST_P501/deg_16000/c00014_P501_C_english_f2_FB_48k.wav,14,c00014_P501_C_english_f2_FB_48k,3.75,
/fs/ess/PAS2301/Data/Speech/MOS_datasets/nisqa/NISQA_TEST_P501/deg_16000/c00014_P501_C_english_m1_FB_48k.wav,14,c00014_P501_C_english_m1_FB_48k,4.6,
/fs/ess/PAS2301/Data/Speech/MOS_datasets/nisqa/NISQA_TEST_P501/deg_16000/c00014_P501_C_english_m2_FB_48k.wav,14,c00014_P501_C_english_m2_FB_48k,3.28571428571429,
/fs/ess/PAS2301/Data/Speech/MOS_datasets/nisqa/NISQA_TEST_P501/deg_16000/c00015_P501_C_english_f1_FB_48k.wav,15,c00015_P501_C_english_f1_FB_48k,2.2,
/fs/ess/PAS2301/Data/Speech/MOS_datasets/nisqa/NISQA_TEST_P501/deg_16000/c00015_P501_C_english_f2_FB_48k.wav,15,c00015_P501_C_english_f2_FB_48k,2.46666666666667,
/fs/ess/PAS2301/Data/Speech/MOS_datasets/nisqa/NISQA_TEST_P501/deg_16000/c00015_P501_C_english_m1_FB_48k.wav,15,c00015_P501_C_english_m1_FB_48k,2.75,
/fs/ess/PAS2301/Data/Speech/MOS_datasets/nisqa/NISQA_TEST_P501/deg_16000/c00015_P501_C_english_m2_FB_48k.wav,15,c00015_P501_C_english_m2_FB_48k,3.06666666666667,
/fs/ess/PAS2301/Data/Speech/MOS_datasets/nisqa/NISQA_TEST_P501/deg_16000/c00016_P501_C_english_f1_FB_48k.wav,16,c00016_P501_C_english_f1_FB_48k,2.25,
/fs/ess/PAS2301/Data/Speech/MOS_datasets/nisqa/NISQA_TEST_P501/deg_16000/c00016_P501_C_english_f2_FB_48k.wav,16,c00016_P501_C_english_f2_FB_48k,2.3125,
/fs/ess/PAS2301/Data/Speech/MOS_datasets/nisqa/NISQA_TEST_P501/deg_16000/c00016_P501_C_english_m1_FB_48k.wav,16,c00016_P501_C_english_m1_FB_48k,2.0,
/fs/ess/PAS2301/Data/Speech/MOS_datasets/nisqa/NISQA_TEST_P501/deg_16000/c00016_P501_C_english_m2_FB_48k.wav,16,c00016_P501_C_english_m2_FB_48k,2.21428571428571,
/fs/ess/PAS2301/Data/Speech/MOS_datasets/nisqa/NISQA_TEST_P501/deg_16000/c00017_P501_C_english_f1_FB_48k.wav,17,c00017_P501_C_english_f1_FB_48k,4.42857142857143,
/fs/ess/PAS2301/Data/Speech/MOS_datasets/nisqa/NISQA_TEST_P501/deg_16000/c00017_P501_C_english_f2_FB_48k.wav,17,c00017_P501_C_english_f2_FB_48k,4.5,
/fs/ess/PAS2301/Data/Speech/MOS_datasets/nisqa/NISQA_TEST_P501/deg_16000/c00017_P501_C_english_m1_FB_48k.wav,17,c00017_P501_C_english_m1_FB_48k,4.5333333333333306,
/fs/ess/PAS2301/Data/Speech/MOS_datasets/nisqa/NISQA_TEST_P501/deg_16000/c00017_P501_C_english_m2_FB_48k.wav,17,c00017_P501_C_english_m2_FB_48k,4.4375,
/fs/ess/PAS2301/Data/Speech/MOS_datasets/nisqa/NISQA_TEST_P501/deg_16000/c00018_P501_C_english_f1_FB_48k.wav,18,c00018_P501_C_english_f1_FB_48k,3.2,
/fs/ess/PAS2301/Data/Speech/MOS_datasets/nisqa/NISQA_TEST_P501/deg_16000/c00018_P501_C_english_f2_FB_48k.wav,18,c00018_P501_C_english_f2_FB_48k,3.75,
/fs/ess/PAS2301/Data/Speech/MOS_datasets/nisqa/NISQA_TEST_P501/deg_16000/c00018_P501_C_english_m1_FB_48k.wav,18,c00018_P501_C_english_m1_FB_48k,3.55555555555556,
/fs/ess/PAS2301/Data/Speech/MOS_datasets/nisqa/NISQA_TEST_P501/deg_16000/c00018_P501_C_english_m2_FB_48k.wav,18,c00018_P501_C_english_m2_FB_48k,3.4285714285714306,
/fs/ess/PAS2301/Data/Speech/MOS_datasets/nisqa/NISQA_TEST_P501/deg_16000/c00019_P501_C_english_f1_FB_48k.wav,19,c00019_P501_C_english_f1_FB_48k,3.3333333333333304,
/fs/ess/PAS2301/Data/Speech/MOS_datasets/nisqa/NISQA_TEST_P501/deg_16000/c00019_P501_C_english_f2_FB_48k.wav,19,c00019_P501_C_english_f2_FB_48k,3.375,
/fs/ess/PAS2301/Data/Speech/MOS_datasets/nisqa/NISQA_TEST_P501/deg_16000/c00019_P501_C_english_m1_FB_48k.wav,19,c00019_P501_C_english_m1_FB_48k,3.15384615384615,
/fs/ess/PAS2301/Data/Speech/MOS_datasets/nisqa/NISQA_TEST_P501/deg_16000/c00019_P501_C_english_m2_FB_48k.wav,19,c00019_P501_C_english_m2_FB_48k,3.0,
/fs/ess/PAS2301/Data/Speech/MOS_datasets/nisqa/NISQA_TEST_P501/deg_16000/c00020_P501_C_english_f1_FB_48k.wav,20,c00020_P501_C_english_f1_FB_48k,2.625,
/fs/ess/PAS2301/Data/Speech/MOS_datasets/nisqa/NISQA_TEST_P501/deg_16000/c00020_P501_C_english_f2_FB_48k.wav,20,c00020_P501_C_english_f2_FB_48k,2.0,
/fs/ess/PAS2301/Data/Speech/MOS_datasets/nisqa/NISQA_TEST_P501/deg_16000/c00020_P501_C_english_m1_FB_48k.wav,20,c00020_P501_C_english_m1_FB_48k,1.92307692307692,
/fs/ess/PAS2301/Data/Speech/MOS_datasets/nisqa/NISQA_TEST_P501/deg_16000/c00020_P501_C_english_m2_FB_48k.wav,20,c00020_P501_C_english_m2_FB_48k,2.2,
/fs/ess/PAS2301/Data/Speech/MOS_datasets/nisqa/NISQA_TEST_P501/deg_16000/c00021_P501_C_english_f1_FB_48k.wav,21,c00021_P501_C_english_f1_FB_48k,1.85714285714286,
/fs/ess/PAS2301/Data/Speech/MOS_datasets/nisqa/NISQA_TEST_P501/deg_16000/c00021_P501_C_english_f2_FB_48k.wav,21,c00021_P501_C_english_f2_FB_48k,2.0,
/fs/ess/PAS2301/Data/Speech/MOS_datasets/nisqa/NISQA_TEST_P501/deg_16000/c00021_P501_C_english_m1_FB_48k.wav,21,c00021_P501_C_english_m1_FB_48k,1.92307692307692,
/fs/ess/PAS2301/Data/Speech/MOS_datasets/nisqa/NISQA_TEST_P501/deg_16000/c00021_P501_C_english_m2_FB_48k.wav,21,c00021_P501_C_english_m2_FB_48k,2.0,
/fs/ess/PAS2301/Data/Speech/MOS_datasets/nisqa/NISQA_TEST_P501/deg_16000/c00022_P501_C_english_f1_FB_48k.wav,22,c00022_P501_C_english_f1_FB_48k,2.4375,
/fs/ess/PAS2301/Data/Speech/MOS_datasets/nisqa/NISQA_TEST_P501/deg_16000/c00022_P501_C_english_f2_FB_48k.wav,22,c00022_P501_C_english_f2_FB_48k,2.53333333333333,
/fs/ess/PAS2301/Data/Speech/MOS_datasets/nisqa/NISQA_TEST_P501/deg_16000/c00022_P501_C_english_m1_FB_48k.wav,22,c00022_P501_C_english_m1_FB_48k,2.64285714285714,
/fs/ess/PAS2301/Data/Speech/MOS_datasets/nisqa/NISQA_TEST_P501/deg_16000/c00022_P501_C_english_m2_FB_48k.wav,22,c00022_P501_C_english_m2_FB_48k,2.15384615384615,
/fs/ess/PAS2301/Data/Speech/MOS_datasets/nisqa/NISQA_TEST_P501/deg_16000/c00023_P501_C_english_f1_FB_48k.wav,23,c00023_P501_C_english_f1_FB_48k,2.71428571428571,
/fs/ess/PAS2301/Data/Speech/MOS_datasets/nisqa/NISQA_TEST_P501/deg_16000/c00023_P501_C_english_f2_FB_48k.wav,23,c00023_P501_C_english_f2_FB_48k,2.5625,
/fs/ess/PAS2301/Data/Speech/MOS_datasets/nisqa/NISQA_TEST_P501/deg_16000/c00023_P501_C_english_m1_FB_48k.wav,23,c00023_P501_C_english_m1_FB_48k,2.75,
/fs/ess/PAS2301/Data/Speech/MOS_datasets/nisqa/NISQA_TEST_P501/deg_16000/c00023_P501_C_english_m2_FB_48k.wav,23,c00023_P501_C_english_m2_FB_48k,2.93333333333333,
/fs/ess/PAS2301/Data/Speech/MOS_datasets/nisqa/NISQA_TEST_P501/deg_16000/c00024_P501_C_english_f1_FB_48k.wav,24,c00024_P501_C_english_f1_FB_48k,3.6666666666666696,
/fs/ess/PAS2301/Data/Speech/MOS_datasets/nisqa/NISQA_TEST_P501/deg_16000/c00024_P501_C_english_f2_FB_48k.wav,24,c00024_P501_C_english_f2_FB_48k,3.4,
/fs/ess/PAS2301/Data/Speech/MOS_datasets/nisqa/NISQA_TEST_P501/deg_16000/c00024_P501_C_english_m1_FB_48k.wav,24,c00024_P501_C_english_m1_FB_48k,3.25,
/fs/ess/PAS2301/Data/Speech/MOS_datasets/nisqa/NISQA_TEST_P501/deg_16000/c00024_P501_C_english_m2_FB_48k.wav,24,c00024_P501_C_english_m2_FB_48k,3.5,
/fs/ess/PAS2301/Data/Speech/MOS_datasets/nisqa/NISQA_TEST_P501/deg_16000/c00025_P501_C_english_f1_FB_48k.wav,25,c00025_P501_C_english_f1_FB_48k,1.14285714285714,
/fs/ess/PAS2301/Data/Speech/MOS_datasets/nisqa/NISQA_TEST_P501/deg_16000/c00025_P501_C_english_f2_FB_48k.wav,25,c00025_P501_C_english_f2_FB_48k,1.07142857142857,
/fs/ess/PAS2301/Data/Speech/MOS_datasets/nisqa/NISQA_TEST_P501/deg_16000/c00025_P501_C_english_m1_FB_48k.wav,25,c00025_P501_C_english_m1_FB_48k,1.2,
/fs/ess/PAS2301/Data/Speech/MOS_datasets/nisqa/NISQA_TEST_P501/deg_16000/c00025_P501_C_english_m2_FB_48k.wav,25,c00025_P501_C_english_m2_FB_48k,1.25,
/fs/ess/PAS2301/Data/Speech/MOS_datasets/nisqa/NISQA_TEST_P501/deg_16000/c00026_P501_C_english_f1_FB_48k.wav,26,c00026_P501_C_english_f1_FB_48k,1.33333333333333,
/fs/ess/PAS2301/Data/Speech/MOS_datasets/nisqa/NISQA_TEST_P501/deg_16000/c00026_P501_C_english_f2_FB_48k.wav,26,c00026_P501_C_english_f2_FB_48k,1.15384615384615,
/fs/ess/PAS2301/Data/Speech/MOS_datasets/nisqa/NISQA_TEST_P501/deg_16000/c00026_P501_C_english_m1_FB_48k.wav,26,c00026_P501_C_english_m1_FB_48k,2.0,
/fs/ess/PAS2301/Data/Speech/MOS_datasets/nisqa/NISQA_TEST_P501/deg_16000/c00026_P501_C_english_m2_FB_48k.wav,26,c00026_P501_C_english_m2_FB_48k,1.4375,
/fs/ess/PAS2301/Data/Speech/MOS_datasets/nisqa/NISQA_TEST_P501/deg_16000/c00027_P501_C_english_f1_FB_48k.wav,27,c00027_P501_C_english_f1_FB_48k,2.77777777777778,
/fs/ess/PAS2301/Data/Speech/MOS_datasets/nisqa/NISQA_TEST_P501/deg_16000/c00027_P501_C_english_f2_FB_48k.wav,27,c00027_P501_C_english_f2_FB_48k,2.57142857142857,
/fs/ess/PAS2301/Data/Speech/MOS_datasets/nisqa/NISQA_TEST_P501/deg_16000/c00027_P501_C_english_m1_FB_48k.wav,27,c00027_P501_C_english_m1_FB_48k,2.78571428571429,
/fs/ess/PAS2301/Data/Speech/MOS_datasets/nisqa/NISQA_TEST_P501/deg_16000/c00027_P501_C_english_m2_FB_48k.wav,27,c00027_P501_C_english_m2_FB_48k,2.3846153846153797,
/fs/ess/PAS2301/Data/Speech/MOS_datasets/nisqa/NISQA_TEST_P501/deg_16000/c00028_P501_C_english_f1_FB_48k.wav,28,c00028_P501_C_english_f1_FB_48k,1.13333333333333,
/fs/ess/PAS2301/Data/Speech/MOS_datasets/nisqa/NISQA_TEST_P501/deg_16000/c00028_P501_C_english_f2_FB_48k.wav,28,c00028_P501_C_english_f2_FB_48k,1.16666666666667,
/fs/ess/PAS2301/Data/Speech/MOS_datasets/nisqa/NISQA_TEST_P501/deg_16000/c00028_P501_C_english_m1_FB_48k.wav,28,c00028_P501_C_english_m1_FB_48k,1.26666666666667,
/fs/ess/PAS2301/Data/Speech/MOS_datasets/nisqa/NISQA_TEST_P501/deg_16000/c00028_P501_C_english_m2_FB_48k.wav,28,c00028_P501_C_english_m2_FB_48k,1.33333333333333,
/fs/ess/PAS2301/Data/Speech/MOS_datasets/nisqa/NISQA_TEST_P501/deg_16000/c00029_P501_C_english_f1_FB_48k.wav,29,c00029_P501_C_english_f1_FB_48k,2.5,
/fs/ess/PAS2301/Data/Speech/MOS_datasets/nisqa/NISQA_TEST_P501/deg_16000/c00029_P501_C_english_f2_FB_48k.wav,29,c00029_P501_C_english_f2_FB_48k,1.75,
/fs/ess/PAS2301/Data/Speech/MOS_datasets/nisqa/NISQA_TEST_P501/deg_16000/c00029_P501_C_english_m1_FB_48k.wav,29,c00029_P501_C_english_m1_FB_48k,2.0833333333333304,
/fs/ess/PAS2301/Data/Speech/MOS_datasets/nisqa/NISQA_TEST_P501/deg_16000/c00029_P501_C_english_m2_FB_48k.wav,29,c00029_P501_C_english_m2_FB_48k,1.70588235294118,
/fs/ess/PAS2301/Data/Speech/MOS_datasets/nisqa/NISQA_TEST_P501/deg_16000/c00030_P501_C_english_f1_FB_48k.wav,30,c00030_P501_C_english_f1_FB_48k,2.75,
/fs/ess/PAS2301/Data/Speech/MOS_datasets/nisqa/NISQA_TEST_P501/deg_16000/c00030_P501_C_english_f2_FB_48k.wav,30,c00030_P501_C_english_f2_FB_48k,2.3333333333333304,
/fs/ess/PAS2301/Data/Speech/MOS_datasets/nisqa/NISQA_TEST_P501/deg_16000/c00030_P501_C_english_m1_FB_48k.wav,30,c00030_P501_C_english_m1_FB_48k,3.2,
/fs/ess/PAS2301/Data/Speech/MOS_datasets/nisqa/NISQA_TEST_P501/deg_16000/c00030_P501_C_english_m2_FB_48k.wav,30,c00030_P501_C_english_m2_FB_48k,2.3333333333333304,
/fs/ess/PAS2301/Data/Speech/MOS_datasets/nisqa/NISQA_TEST_P501/deg_16000/c00031_P501_C_english_f1_FB_48k.wav,31,c00031_P501_C_english_f1_FB_48k,1.33333333333333,
/fs/ess/PAS2301/Data/Speech/MOS_datasets/nisqa/NISQA_TEST_P501/deg_16000/c00031_P501_C_english_f2_FB_48k.wav,31,c00031_P501_C_english_f2_FB_48k,1.13333333333333,
/fs/ess/PAS2301/Data/Speech/MOS_datasets/nisqa/NISQA_TEST_P501/deg_16000/c00031_P501_C_english_m1_FB_48k.wav,31,c00031_P501_C_english_m1_FB_48k,1.4117647058823501,
/fs/ess/PAS2301/Data/Speech/MOS_datasets/nisqa/NISQA_TEST_P501/deg_16000/c00031_P501_C_english_m2_FB_48k.wav,31,c00031_P501_C_english_m2_FB_48k,1.3076923076923102,
/fs/ess/PAS2301/Data/Speech/MOS_datasets/nisqa/NISQA_TEST_P501/deg_16000/c00032_P501_C_english_f1_FB_48k.wav,32,c00032_P501_C_english_f1_FB_48k,1.2,
/fs/ess/PAS2301/Data/Speech/MOS_datasets/nisqa/NISQA_TEST_P501/deg_16000/c00032_P501_C_english_f2_FB_48k.wav,32,c00032_P501_C_english_f2_FB_48k,1.16666666666667,
/fs/ess/PAS2301/Data/Speech/MOS_datasets/nisqa/NISQA_TEST_P501/deg_16000/c00032_P501_C_english_m1_FB_48k.wav,32,c00032_P501_C_english_m1_FB_48k,1.14285714285714,
/fs/ess/PAS2301/Data/Speech/MOS_datasets/nisqa/NISQA_TEST_P501/deg_16000/c00032_P501_C_english_m2_FB_48k.wav,32,c00032_P501_C_english_m2_FB_48k,1.0,
/fs/ess/PAS2301/Data/Speech/MOS_datasets/nisqa/NISQA_TEST_P501/deg_16000/c00033_P501_C_english_f1_FB_48k.wav,33,c00033_P501_C_english_f1_FB_48k,3.25,
/fs/ess/PAS2301/Data/Speech/MOS_datasets/nisqa/NISQA_TEST_P501/deg_16000/c00033_P501_C_english_f2_FB_48k.wav,33,c00033_P501_C_english_f2_FB_48k,2.8,
/fs/ess/PAS2301/Data/Speech/MOS_datasets/nisqa/NISQA_TEST_P501/deg_16000/c00033_P501_C_english_m1_FB_48k.wav,33,c00033_P501_C_english_m1_FB_48k,2.86666666666667,
/fs/ess/PAS2301/Data/Speech/MOS_datasets/nisqa/NISQA_TEST_P501/deg_16000/c00033_P501_C_english_m2_FB_48k.wav,33,c00033_P501_C_english_m2_FB_48k,2.75,
/fs/ess/PAS2301/Data/Speech/MOS_datasets/nisqa/NISQA_TEST_P501/deg_16000/c00034_P501_C_english_f1_FB_48k.wav,34,c00034_P501_C_english_f1_FB_48k,2.52941176470588,
/fs/ess/PAS2301/Data/Speech/MOS_datasets/nisqa/NISQA_TEST_P501/deg_16000/c00034_P501_C_english_f2_FB_48k.wav,34,c00034_P501_C_english_f2_FB_48k,2.4166666666666696,
/fs/ess/PAS2301/Data/Speech/MOS_datasets/nisqa/NISQA_TEST_P501/deg_16000/c00034_P501_C_english_m1_FB_48k.wav,34,c00034_P501_C_english_m1_FB_48k,3.0833333333333304,
/fs/ess/PAS2301/Data/Speech/MOS_datasets/nisqa/NISQA_TEST_P501/deg_16000/c00034_P501_C_english_m2_FB_48k.wav,34,c00034_P501_C_english_m2_FB_48k,2.3333333333333304,
/fs/ess/PAS2301/Data/Speech/MOS_datasets/nisqa/NISQA_TEST_P501/deg_16000/c00035_P501_C_english_f1_FB_48k.wav,35,c00035_P501_C_english_f1_FB_48k,1.5625,
/fs/ess/PAS2301/Data/Speech/MOS_datasets/nisqa/NISQA_TEST_P501/deg_16000/c00035_P501_C_english_f2_FB_48k.wav,35,c00035_P501_C_english_f2_FB_48k,1.875,
/fs/ess/PAS2301/Data/Speech/MOS_datasets/nisqa/NISQA_TEST_P501/deg_16000/c00035_P501_C_english_m1_FB_48k.wav,35,c00035_P501_C_english_m1_FB_48k,1.25,
/fs/ess/PAS2301/Data/Speech/MOS_datasets/nisqa/NISQA_TEST_P501/deg_16000/c00035_P501_C_english_m2_FB_48k.wav,35,c00035_P501_C_english_m2_FB_48k,1.64285714285714,
/fs/ess/PAS2301/Data/Speech/MOS_datasets/nisqa/NISQA_TEST_P501/deg_16000/c00036_P501_C_english_f1_FB_48k.wav,36,c00036_P501_C_english_f1_FB_48k,1.6666666666666698,
/fs/ess/PAS2301/Data/Speech/MOS_datasets/nisqa/NISQA_TEST_P501/deg_16000/c00036_P501_C_english_f2_FB_48k.wav,36,c00036_P501_C_english_f2_FB_48k,1.53333333333333,
/fs/ess/PAS2301/Data/Speech/MOS_datasets/nisqa/NISQA_TEST_P501/deg_16000/c00036_P501_C_english_m1_FB_48k.wav,36,c00036_P501_C_english_m1_FB_48k,1.73333333333333,
/fs/ess/PAS2301/Data/Speech/MOS_datasets/nisqa/NISQA_TEST_P501/deg_16000/c00036_P501_C_english_m2_FB_48k.wav,36,c00036_P501_C_english_m2_FB_48k,1.55555555555556,
/fs/ess/PAS2301/Data/Speech/MOS_datasets/nisqa/NISQA_TEST_P501/deg_16000/c00037_P501_C_english_f1_FB_48k.wav,37,c00037_P501_C_english_f1_FB_48k,1.375,
/fs/ess/PAS2301/Data/Speech/MOS_datasets/nisqa/NISQA_TEST_P501/deg_16000/c00037_P501_C_english_f2_FB_48k.wav,37,c00037_P501_C_english_f2_FB_48k,1.08333333333333,
/fs/ess/PAS2301/Data/Speech/MOS_datasets/nisqa/NISQA_TEST_P501/deg_16000/c00037_P501_C_english_m1_FB_48k.wav,37,c00037_P501_C_english_m1_FB_48k,1.23076923076923,
/fs/ess/PAS2301/Data/Speech/MOS_datasets/nisqa/NISQA_TEST_P501/deg_16000/c00037_P501_C_english_m2_FB_48k.wav,37,c00037_P501_C_english_m2_FB_48k,1.46666666666667,
/fs/ess/PAS2301/Data/Speech/MOS_datasets/nisqa/NISQA_TEST_P501/deg_16000/c00038_P501_C_english_f1_FB_48k.wav,38,c00038_P501_C_english_f1_FB_48k,1.0,
/fs/ess/PAS2301/Data/Speech/MOS_datasets/nisqa/NISQA_TEST_P501/deg_16000/c00038_P501_C_english_f2_FB_48k.wav,38,c00038_P501_C_english_f2_FB_48k,1.13333333333333,
/fs/ess/PAS2301/Data/Speech/MOS_datasets/nisqa/NISQA_TEST_P501/deg_16000/c00038_P501_C_english_m1_FB_48k.wav,38,c00038_P501_C_english_m1_FB_48k,1.125,
/fs/ess/PAS2301/Data/Speech/MOS_datasets/nisqa/NISQA_TEST_P501/deg_16000/c00038_P501_C_english_m2_FB_48k.wav,38,c00038_P501_C_english_m2_FB_48k,1.125,
/fs/ess/PAS2301/Data/Speech/MOS_datasets/nisqa/NISQA_TEST_P501/deg_16000/c00039_P501_C_english_f1_FB_48k.wav,39,c00039_P501_C_english_f1_FB_48k,4.07692307692308,
/fs/ess/PAS2301/Data/Speech/MOS_datasets/nisqa/NISQA_TEST_P501/deg_16000/c00039_P501_C_english_f2_FB_48k.wav,39,c00039_P501_C_english_f2_FB_48k,3.2,
/fs/ess/PAS2301/Data/Speech/MOS_datasets/nisqa/NISQA_TEST_P501/deg_16000/c00039_P501_C_english_m1_FB_48k.wav,39,c00039_P501_C_english_m1_FB_48k,2.4375,
/fs/ess/PAS2301/Data/Speech/MOS_datasets/nisqa/NISQA_TEST_P501/deg_16000/c00039_P501_C_english_m2_FB_48k.wav,39,c00039_P501_C_english_m2_FB_48k,2.06666666666667,
/fs/ess/PAS2301/Data/Speech/MOS_datasets/nisqa/NISQA_TEST_P501/deg_16000/c00040_P501_C_english_f1_FB_48k.wav,40,c00040_P501_C_english_f1_FB_48k,1.53846153846154,
/fs/ess/PAS2301/Data/Speech/MOS_datasets/nisqa/NISQA_TEST_P501/deg_16000/c00040_P501_C_english_f2_FB_48k.wav,40,c00040_P501_C_english_f2_FB_48k,1.3076923076923102,
/fs/ess/PAS2301/Data/Speech/MOS_datasets/nisqa/NISQA_TEST_P501/deg_16000/c00040_P501_C_english_m1_FB_48k.wav,40,c00040_P501_C_english_m1_FB_48k,2.46666666666667,
/fs/ess/PAS2301/Data/Speech/MOS_datasets/nisqa/NISQA_TEST_P501/deg_16000/c00040_P501_C_english_m2_FB_48k.wav,40,c00040_P501_C_english_m2_FB_48k,1.53846153846154,
/fs/ess/PAS2301/Data/Speech/MOS_datasets/nisqa/NISQA_TEST_P501/deg_16000/c00041_P501_C_english_f1_FB_48k.wav,41,c00041_P501_C_english_f1_FB_48k,4.4375,
/fs/ess/PAS2301/Data/Speech/MOS_datasets/nisqa/NISQA_TEST_P501/deg_16000/c00041_P501_C_english_f2_FB_48k.wav,41,c00041_P501_C_english_f2_FB_48k,4.25,
/fs/ess/PAS2301/Data/Speech/MOS_datasets/nisqa/NISQA_TEST_P501/deg_16000/c00041_P501_C_english_m1_FB_48k.wav,41,c00041_P501_C_english_m1_FB_48k,4.26666666666667,
/fs/ess/PAS2301/Data/Speech/MOS_datasets/nisqa/NISQA_TEST_P501/deg_16000/c00041_P501_C_english_m2_FB_48k.wav,41,c00041_P501_C_english_m2_FB_48k,4.42857142857143,
/fs/ess/PAS2301/Data/Speech/MOS_datasets/nisqa/NISQA_TEST_P501/deg_16000/c00042_P501_C_english_f1_FB_48k.wav,42,c00042_P501_C_english_f1_FB_48k,1.75,
/fs/ess/PAS2301/Data/Speech/MOS_datasets/nisqa/NISQA_TEST_P501/deg_16000/c00042_P501_C_english_f2_FB_48k.wav,42,c00042_P501_C_english_f2_FB_48k,1.9333333333333305,
/fs/ess/PAS2301/Data/Speech/MOS_datasets/nisqa/NISQA_TEST_P501/deg_16000/c00042_P501_C_english_m1_FB_48k.wav,42,c00042_P501_C_english_m1_FB_48k,2.7333333333333303,
/fs/ess/PAS2301/Data/Speech/MOS_datasets/nisqa/NISQA_TEST_P501/deg_16000/c00042_P501_C_english_m2_FB_48k.wav,42,c00042_P501_C_english_m2_FB_48k,1.26666666666667,
/fs/ess/PAS2301/Data/Speech/MOS_datasets/nisqa/NISQA_TEST_P501/deg_16000/c00043_P501_C_english_f1_FB_48k.wav,43,c00043_P501_C_english_f1_FB_48k,1.42857142857143,
/fs/ess/PAS2301/Data/Speech/MOS_datasets/nisqa/NISQA_TEST_P501/deg_16000/c00043_P501_C_english_f2_FB_48k.wav,43,c00043_P501_C_english_f2_FB_48k,1.61538461538462,
/fs/ess/PAS2301/Data/Speech/MOS_datasets/nisqa/NISQA_TEST_P501/deg_16000/c00043_P501_C_english_m1_FB_48k.wav,43,c00043_P501_C_english_m1_FB_48k,1.9166666666666696,
/fs/ess/PAS2301/Data/Speech/MOS_datasets/nisqa/NISQA_TEST_P501/deg_16000/c00043_P501_C_english_m2_FB_48k.wav,43,c00043_P501_C_english_m2_FB_48k,2.4,
/fs/ess/PAS2301/Data/Speech/MOS_datasets/nisqa/NISQA_TEST_P501/deg_16000/c00044_P501_C_english_f1_FB_48k.wav,44,c00044_P501_C_english_f1_FB_48k,3.46666666666667,
/fs/ess/PAS2301/Data/Speech/MOS_datasets/nisqa/NISQA_TEST_P501/deg_16000/c00044_P501_C_english_f2_FB_48k.wav,44,c00044_P501_C_english_f2_FB_48k,2.6666666666666696,
/fs/ess/PAS2301/Data/Speech/MOS_datasets/nisqa/NISQA_TEST_P501/deg_16000/c00044_P501_C_english_m1_FB_48k.wav,44,c00044_P501_C_english_m1_FB_48k,3.21428571428571,
/fs/ess/PAS2301/Data/Speech/MOS_datasets/nisqa/NISQA_TEST_P501/deg_16000/c00044_P501_C_english_m2_FB_48k.wav,44,c00044_P501_C_english_m2_FB_48k,3.1875,
/fs/ess/PAS2301/Data/Speech/MOS_datasets/nisqa/NISQA_TEST_P501/deg_16000/c00045_P501_C_english_f1_FB_48k.wav,45,c00045_P501_C_english_f1_FB_48k,2.0714285714285703,
/fs/ess/PAS2301/Data/Speech/MOS_datasets/nisqa/NISQA_TEST_P501/deg_16000/c00045_P501_C_english_f2_FB_48k.wav,45,c00045_P501_C_english_f2_FB_48k,2.0,
/fs/ess/PAS2301/Data/Speech/MOS_datasets/nisqa/NISQA_TEST_P501/deg_16000/c00045_P501_C_english_m1_FB_48k.wav,45,c00045_P501_C_english_m1_FB_48k,3.76923076923077,
/fs/ess/PAS2301/Data/Speech/MOS_datasets/nisqa/NISQA_TEST_P501/deg_16000/c00045_P501_C_english_m2_FB_48k.wav,45,c00045_P501_C_english_m2_FB_48k,2.6666666666666696,
/fs/ess/PAS2301/Data/Speech/MOS_datasets/nisqa/NISQA_TEST_P501/deg_16000/c00046_P501_C_english_f1_FB_48k.wav,46,c00046_P501_C_english_f1_FB_48k,1.13333333333333,
/fs/ess/PAS2301/Data/Speech/MOS_datasets/nisqa/NISQA_TEST_P501/deg_16000/c00046_P501_C_english_f2_FB_48k.wav,46,c00046_P501_C_english_f2_FB_48k,1.26666666666667,
/fs/ess/PAS2301/Data/Speech/MOS_datasets/nisqa/NISQA_TEST_P501/deg_16000/c00046_P501_C_english_m1_FB_48k.wav,46,c00046_P501_C_english_m1_FB_48k,1.22222222222222,
/fs/ess/PAS2301/Data/Speech/MOS_datasets/nisqa/NISQA_TEST_P501/deg_16000/c00046_P501_C_english_m2_FB_48k.wav,46,c00046_P501_C_english_m2_FB_48k,1.92307692307692,
/fs/ess/PAS2301/Data/Speech/MOS_datasets/nisqa/NISQA_TEST_P501/deg_16000/c00047_P501_C_english_f1_FB_48k.wav,47,c00047_P501_C_english_f1_FB_48k,3.2666666666666697,
/fs/ess/PAS2301/Data/Speech/MOS_datasets/nisqa/NISQA_TEST_P501/deg_16000/c00047_P501_C_english_f2_FB_48k.wav,47,c00047_P501_C_english_f2_FB_48k,3.14285714285714,
/fs/ess/PAS2301/Data/Speech/MOS_datasets/nisqa/NISQA_TEST_P501/deg_16000/c00047_P501_C_english_m1_FB_48k.wav,47,c00047_P501_C_english_m1_FB_48k,3.0625,
/fs/ess/PAS2301/Data/Speech/MOS_datasets/nisqa/NISQA_TEST_P501/deg_16000/c00047_P501_C_english_m2_FB_48k.wav,47,c00047_P501_C_english_m2_FB_48k,2.875,
/fs/ess/PAS2301/Data/Speech/MOS_datasets/nisqa/NISQA_TEST_P501/deg_16000/c00048_P501_C_english_f1_FB_48k.wav,48,c00048_P501_C_english_f1_FB_48k,1.5833333333333302,
/fs/ess/PAS2301/Data/Speech/MOS_datasets/nisqa/NISQA_TEST_P501/deg_16000/c00048_P501_C_english_f2_FB_48k.wav,48,c00048_P501_C_english_f2_FB_48k,1.73333333333333,
/fs/ess/PAS2301/Data/Speech/MOS_datasets/nisqa/NISQA_TEST_P501/deg_16000/c00048_P501_C_english_m1_FB_48k.wav,48,c00048_P501_C_english_m1_FB_48k,1.8125,
/fs/ess/PAS2301/Data/Speech/MOS_datasets/nisqa/NISQA_TEST_P501/deg_16000/c00048_P501_C_english_m2_FB_48k.wav,48,c00048_P501_C_english_m2_FB_48k,1.53333333333333,
/fs/ess/PAS2301/Data/Speech/MOS_datasets/nisqa/NISQA_TEST_P501/deg_16000/c00049_P501_C_english_f1_FB_48k.wav,49,c00049_P501_C_english_f1_FB_48k,2.0,
/fs/ess/PAS2301/Data/Speech/MOS_datasets/nisqa/NISQA_TEST_P501/deg_16000/c00049_P501_C_english_f2_FB_48k.wav,49,c00049_P501_C_english_f2_FB_48k,2.21428571428571,
/fs/ess/PAS2301/Data/Speech/MOS_datasets/nisqa/NISQA_TEST_P501/deg_16000/c00049_P501_C_english_m1_FB_48k.wav,49,c00049_P501_C_english_m1_FB_48k,1.3125,
/fs/ess/PAS2301/Data/Speech/MOS_datasets/nisqa/NISQA_TEST_P501/deg_16000/c00049_P501_C_english_m2_FB_48k.wav,49,c00049_P501_C_english_m2_FB_48k,2.0,
/fs/ess/PAS2301/Data/Speech/MOS_datasets/nisqa/NISQA_TEST_P501/deg_16000/c00050_P501_C_english_f1_FB_48k.wav,50,c00050_P501_C_english_f1_FB_48k,1.6666666666666698,
/fs/ess/PAS2301/Data/Speech/MOS_datasets/nisqa/NISQA_TEST_P501/deg_16000/c00050_P501_C_english_f2_FB_48k.wav,50,c00050_P501_C_english_f2_FB_48k,1.33333333333333,
/fs/ess/PAS2301/Data/Speech/MOS_datasets/nisqa/NISQA_TEST_P501/deg_16000/c00050_P501_C_english_m1_FB_48k.wav,50,c00050_P501_C_english_m1_FB_48k,2.4,
/fs/ess/PAS2301/Data/Speech/MOS_datasets/nisqa/NISQA_TEST_P501/deg_16000/c00050_P501_C_english_m2_FB_48k.wav,50,c00050_P501_C_english_m2_FB_48k,2.0,
/fs/ess/PAS2301/Data/Speech/MOS_datasets/nisqa/NISQA_TEST_P501/deg_16000/c00051_P501_C_english_f1_FB_48k.wav,51,c00051_P501_C_english_f1_FB_48k,2.0,
/fs/ess/PAS2301/Data/Speech/MOS_datasets/nisqa/NISQA_TEST_P501/deg_16000/c00051_P501_C_english_f2_FB_48k.wav,51,c00051_P501_C_english_f2_FB_48k,1.92857142857143,
/fs/ess/PAS2301/Data/Speech/MOS_datasets/nisqa/NISQA_TEST_P501/deg_16000/c00051_P501_C_english_m1_FB_48k.wav,51,c00051_P501_C_english_m1_FB_48k,2.15384615384615,
/fs/ess/PAS2301/Data/Speech/MOS_datasets/nisqa/NISQA_TEST_P501/deg_16000/c00051_P501_C_english_m2_FB_48k.wav,51,c00051_P501_C_english_m2_FB_48k,1.7142857142857095,
/fs/ess/PAS2301/Data/Speech/MOS_datasets/nisqa/NISQA_TEST_P501/deg_16000/c00052_P501_C_english_f1_FB_48k.wav,52,c00052_P501_C_english_f1_FB_48k,1.3125,
/fs/ess/PAS2301/Data/Speech/MOS_datasets/nisqa/NISQA_TEST_P501/deg_16000/c00052_P501_C_english_f2_FB_48k.wav,52,c00052_P501_C_english_f2_FB_48k,1.6666666666666698,
/fs/ess/PAS2301/Data/Speech/MOS_datasets/nisqa/NISQA_TEST_P501/deg_16000/c00052_P501_C_english_m1_FB_48k.wav,52,c00052_P501_C_english_m1_FB_48k,3.6875,
/fs/ess/PAS2301/Data/Speech/MOS_datasets/nisqa/NISQA_TEST_P501/deg_16000/c00052_P501_C_english_m2_FB_48k.wav,52,c00052_P501_C_english_m2_FB_48k,1.875,
/fs/ess/PAS2301/Data/Speech/MOS_datasets/nisqa/NISQA_TEST_P501/deg_16000/c00053_P501_C_english_f1_FB_48k.wav,53,c00053_P501_C_english_f1_FB_48k,3.5714285714285694,
/fs/ess/PAS2301/Data/Speech/MOS_datasets/nisqa/NISQA_TEST_P501/deg_16000/c00053_P501_C_english_f2_FB_48k.wav,53,c00053_P501_C_english_f2_FB_48k,3.0833333333333304,
/fs/ess/PAS2301/Data/Speech/MOS_datasets/nisqa/NISQA_TEST_P501/deg_16000/c00053_P501_C_english_m1_FB_48k.wav,53,c00053_P501_C_english_m1_FB_48k,4.0,
/fs/ess/PAS2301/Data/Speech/MOS_datasets/nisqa/NISQA_TEST_P501/deg_16000/c00053_P501_C_english_m2_FB_48k.wav,53,c00053_P501_C_english_m2_FB_48k,3.64285714285714,
/fs/ess/PAS2301/Data/Speech/MOS_datasets/nisqa/NISQA_TEST_P501/deg_16000/c00054_P501_C_english_f1_FB_48k.wav,54,c00054_P501_C_english_f1_FB_48k,2.0,
/fs/ess/PAS2301/Data/Speech/MOS_datasets/nisqa/NISQA_TEST_P501/deg_16000/c00054_P501_C_english_f2_FB_48k.wav,54,c00054_P501_C_english_f2_FB_48k,1.8125,
/fs/ess/PAS2301/Data/Speech/MOS_datasets/nisqa/NISQA_TEST_P501/deg_16000/c00054_P501_C_english_m1_FB_48k.wav,54,c00054_P501_C_english_m1_FB_48k,2.1875,
/fs/ess/PAS2301/Data/Speech/MOS_datasets/nisqa/NISQA_TEST_P501/deg_16000/c00054_P501_C_english_m2_FB_48k.wav,54,c00054_P501_C_english_m2_FB_48k,1.73333333333333,
/fs/ess/PAS2301/Data/Speech/MOS_datasets/nisqa/NISQA_TEST_P501/deg_16000/c00055_P501_C_english_f1_FB_48k.wav,55,c00055_P501_C_english_f1_FB_48k,4.07692307692308,
/fs/ess/PAS2301/Data/Speech/MOS_datasets/nisqa/NISQA_TEST_P501/deg_16000/c00055_P501_C_english_f2_FB_48k.wav,55,c00055_P501_C_english_f2_FB_48k,3.0,
/fs/ess/PAS2301/Data/Speech/MOS_datasets/nisqa/NISQA_TEST_P501/deg_16000/c00055_P501_C_english_m1_FB_48k.wav,55,c00055_P501_C_english_m1_FB_48k,3.25,
/fs/ess/PAS2301/Data/Speech/MOS_datasets/nisqa/NISQA_TEST_P501/deg_16000/c00055_P501_C_english_m2_FB_48k.wav,55,c00055_P501_C_english_m2_FB_48k,3.1875,
/fs/ess/PAS2301/Data/Speech/MOS_datasets/nisqa/NISQA_TEST_P501/deg_16000/c00056_P501_C_english_f1_FB_48k.wav,56,c00056_P501_C_english_f1_FB_48k,4.6153846153846105,
/fs/ess/PAS2301/Data/Speech/MOS_datasets/nisqa/NISQA_TEST_P501/deg_16000/c00056_P501_C_english_f2_FB_48k.wav,56,c00056_P501_C_english_f2_FB_48k,4.466666666666669,
/fs/ess/PAS2301/Data/Speech/MOS_datasets/nisqa/NISQA_TEST_P501/deg_16000/c00056_P501_C_english_m1_FB_48k.wav,56,c00056_P501_C_english_m1_FB_48k,4.357142857142859,
/fs/ess/PAS2301/Data/Speech/MOS_datasets/nisqa/NISQA_TEST_P501/deg_16000/c00056_P501_C_english_m2_FB_48k.wav,56,c00056_P501_C_english_m2_FB_48k,4.625,
/fs/ess/PAS2301/Data/Speech/MOS_datasets/nisqa/NISQA_TEST_P501/deg_16000/c00057_P501_C_english_f1_FB_48k.wav,57,c00057_P501_C_english_f1_FB_48k,2.23076923076923,
/fs/ess/PAS2301/Data/Speech/MOS_datasets/nisqa/NISQA_TEST_P501/deg_16000/c00057_P501_C_english_f2_FB_48k.wav,57,c00057_P501_C_english_f2_FB_48k,1.5833333333333302,
/fs/ess/PAS2301/Data/Speech/MOS_datasets/nisqa/NISQA_TEST_P501/deg_16000/c00057_P501_C_english_m1_FB_48k.wav,57,c00057_P501_C_english_m1_FB_48k,1.375,
/fs/ess/PAS2301/Data/Speech/MOS_datasets/nisqa/NISQA_TEST_P501/deg_16000/c00057_P501_C_english_m2_FB_48k.wav,57,c00057_P501_C_english_m2_FB_48k,1.5,
/fs/ess/PAS2301/Data/Speech/MOS_datasets/nisqa/NISQA_TEST_P501/deg_16000/c00058_P501_C_english_f1_FB_48k.wav,58,c00058_P501_C_english_f1_FB_48k,3.5,
/fs/ess/PAS2301/Data/Speech/MOS_datasets/nisqa/NISQA_TEST_P501/deg_16000/c00058_P501_C_english_f2_FB_48k.wav,58,c00058_P501_C_english_f2_FB_48k,2.77777777777778,
/fs/ess/PAS2301/Data/Speech/MOS_datasets/nisqa/NISQA_TEST_P501/deg_16000/c00058_P501_C_english_m1_FB_48k.wav,58,c00058_P501_C_english_m1_FB_48k,3.6666666666666696,
/fs/ess/PAS2301/Data/Speech/MOS_datasets/nisqa/NISQA_TEST_P501/deg_16000/c00058_P501_C_english_m2_FB_48k.wav,58,c00058_P501_C_english_m2_FB_48k,3.0,
/fs/ess/PAS2301/Data/Speech/MOS_datasets/nisqa/NISQA_TEST_P501/deg_16000/c00059_P501_C_english_f1_FB_48k.wav,59,c00059_P501_C_english_f1_FB_48k,2.5625,
/fs/ess/PAS2301/Data/Speech/MOS_datasets/nisqa/NISQA_TEST_P501/deg_16000/c00059_P501_C_english_f2_FB_48k.wav,59,c00059_P501_C_english_f2_FB_48k,2.6153846153846203,
/fs/ess/PAS2301/Data/Speech/MOS_datasets/nisqa/NISQA_TEST_P501/deg_16000/c00059_P501_C_english_m1_FB_48k.wav,59,c00059_P501_C_english_m1_FB_48k,1.3529411764705903,
/fs/ess/PAS2301/Data/Speech/MOS_datasets/nisqa/NISQA_TEST_P501/deg_16000/c00059_P501_C_english_m2_FB_48k.wav,59,c00059_P501_C_english_m2_FB_48k,2.93333333333333,
/fs/ess/PAS2301/Data/Speech/MOS_datasets/nisqa/NISQA_TEST_P501/deg_16000/c00060_P501_C_english_f1_FB_48k.wav,60,c00060_P501_C_english_f1_FB_48k,3.4166666666666696,
/fs/ess/PAS2301/Data/Speech/MOS_datasets/nisqa/NISQA_TEST_P501/deg_16000/c00060_P501_C_english_f2_FB_48k.wav,60,c00060_P501_C_english_f2_FB_48k,2.93333333333333,
/fs/ess/PAS2301/Data/Speech/MOS_datasets/nisqa/NISQA_TEST_P501/deg_16000/c00060_P501_C_english_m1_FB_48k.wav,60,c00060_P501_C_english_m1_FB_48k,3.13333333333333,
/fs/ess/PAS2301/Data/Speech/MOS_datasets/nisqa/NISQA_TEST_P501/deg_16000/c00060_P501_C_english_m2_FB_48k.wav,60,c00060_P501_C_english_m2_FB_48k,3.8,
